-0.060823157	0.03487791	0.004417097	-0.019635772	-0.02067394	0.021957468	0.03499746	-0.007507575	0.003159678	0.044839922	-0.020432973	-0.0048036547	-0.07280887	-0.034311745	-0.03696107	-0.045771476
0.034996178	-0.041539155	0.012175509	-0.04061242	0.020624753	-0.050643012	-0.0059695505	0.009666396	-0.010848504	0.015741125	-0.0057592764	-0.06669384	-0.071005754	-0.054177113	0.049168613	0.035912998
0.09936339	-0.09084209	-0.038290903	0.05966278	-0.057918396	-0.07099663	-0.02270512	0.046021987	0.10461667	-0.01259583	0.09467161	-0.08595604	0.05070273	0.009185682	-0.005788091	-0.027279316
-0.018410135	-0.024712978	-0.023658682	-0.015888043	0.03581325	0.009498441	0.014877669	0.028482258	0.01162038	0.010382286	0.009474379	-0.065173805	0.010159762	0.055207085	-0.0015971669	0.06924557
0.13823144	0.012043559	-0.02034958	-0.059020013	0.023578396	-0.02543561	-0.015159781	0.0022683395	0.026662035	0.021956878	-0.070263915	-0.011694009	0.01875746	0.007736449	0.054213855	0.03651127
-0.07591494	0.027763477	0.030255118	-0.012100573	0.04756166	0.011389459	0.0019117359	0.015141167	-0.0761865	-0.0011517041	-0.03731659	-0.060517494	0.05082972	-0.02278241	-0.051235028	-0.06632623
-0.10692194	0.0076060006	0.050736126	0.09410233	-0.044778835	-0.010961603	0.023938885	0.0050186585	-0.026464688	0.027363285	0.04309312	-0.024305534	-0.07655529	0.027686223	-0.06348582	-0.0891193
0.010011014	0.017769009	0.024344347	-0.03085757	-0.0020866543	-0.0073399413	-0.014935115	-0.003083226	0.016469207	0.008677864	-0.02555028	0.0068913097	-0.0024561298	-0.025182404	-0.00050310825	-0.07156138
0.08912019	0.038677026	-0.02911111	-0.030277213	0.031777225	-0.029312527	-0.08021048	-0.019762695	-0.0008224898	-0.06437966	0.020340722	-0.004087786	0.017409915	0.0114868535	-0.035568327	-0.0047879927
-0.022089256	0.05579843	0.024888633	-0.013358563	-0.0069767665	0.061023112	0.029052448	0.029151633	-0.009784497	-0.037561093	-0.053892467	-0.047920406	0.017754259	-0.012724411	0.03564485	-0.042033203
0.11907721	0.02837662	-0.036841635	0.05373275	-0.0047210976	-0.037752505	0.040407117	-0.038624194	0.05107108	0.027574174	-0.032074016	-0.051421147	0.051634613	0.013632914	-0.047913276	-0.009541647
-0.028424324	-0.04924758	-0.038312264	0.038259815	-0.033189807	-0.030836616	-0.031855382	-0.04314089	0.010985598	0.06485995	0.04587721	-0.028591808	-0.0040780776	-0.0013930275	-0.06516719	0.028794866
-0.013043508	-0.015101948	0.061122116	-0.005253092	0.010953629	0.030812737	-0.09039237	0.0005372248	-0.0060553118	-0.00042625237	-0.062609226	-0.021569896	0.06484048	-0.04035774	0.022684103	-0.0059597273
-0.1355882	0.22021508	0.25909126	-0.34459102	0.21734099	0.26510325	0.002768805	0.159429	-0.21567318	-0.09208021	-0.30877125	0.003929257	0.06603368	-0.25168252	0.11338573	-0.017094094
0.13510041	-0.0037664464	0.0077257557	-0.047834214	-0.005883882	-0.03546125	-0.1266076	0.051356275	-0.006496585	-0.006073964	-0.0045043747	-0.016566657	0.022188175	0.042109583	0.07540975	0.066544086
0.10377912	-0.045719057	-0.079302534	-0.020379417	0.07692527	-0.055070832	-0.03910719	0.022986151	0.004389158	0.019650858	0.0057021724	-0.045777205	0.02102177	0.018773569	0.039036646	-0.0059552686
-0.05880458	-0.03473339	0.03815257	0.06516788	-0.038636364	-0.05101255	-0.058043495	-0.021398129	-0.045691248	-0.06629462	0.071830064	-0.025334306	0.01654712	0.036784824	-0.0043038996	0.0038492898
-0.07124484	-0.01267031	-0.048470467	0.100067176	-0.108250715	-0.0710403	-0.041011833	-0.008028065	0.016474599	0.022667272	0.09962832	0.0015281993	0.0015651976	0.028113838	-0.04978516	-0.099614814
-0.04057113	-0.18290833	-0.18005043	0.3922525	-0.20841508	-0.2927679	-0.016329538	-0.10946974	0.29294428	0.07537272	0.2984963	-0.029511278	-0.14428924	0.32196784	-0.18999954	0.005300562
0.09598518	-0.18095823	-0.13466878	0.28071737	-0.16685808	-0.18046124	0.0579653	-0.11731359	0.18830656	0.1522514	0.25401485	0.051231794	-0.106847964	0.19168942	-0.11470246	-0.08300056
0.033211324	0.02316407	-0.038491033	-0.010892978	-0.026881339	-0.0041506686	0.01736539	-0.024764545	-0.009569293	0.013939178	0.019779168	-0.027343096	0.00092263246	-0.0104793105	-0.035265308	-0.0017195181
-0.015445442	0.03659159	-0.0062287045	-0.04027842	0.024295818	-0.006388778	0.04377314	0.04019414	-0.03319611	0.029799638	-0.01680413	-0.030507322	-0.053075336	0.0014295238	0.012361381	0.0077341115
0.05507982	-0.08541253	0.022529956	-0.00093326136	-0.029499872	-0.031500645	-0.033296816	-0.007288442	0.030685414	0.0829868	0.04360309	0.062100403	0.059014693	-0.046318445	0.023230854	0.006811979
0.0068267947	-0.044032343	-0.12661935	0.041731805	-0.03503892	-0.084152415	0.047924872	-0.015122382	0.0471318	0.090320006	0.08445966	0.017791305	-0.06544164	0.092807434	-0.10310296	0.014886812
0.10180735	-0.026618699	-0.09083689	0.08627095	-0.012622683	-0.010492361	0.0022582584	0.027707493	0.05259639	0.0103003895	0.019743042	-0.03604288	-0.07232368	0.026042627	0.016572436	-0.013968718
-0.007050036	-0.017460465	-0.022348788	0.07756541	-0.08587748	-0.04653351	0.054719735	0.001362975	0.030642983	0.011833072	0.04533272	-0.013265588	-0.043215625	0.06251582	-0.08314614	-0.016234567
-0.06583758	0.018446248	0.024659334	0.01691711	0.004839899	0.082301766	0.020096306	0.004592971	0.029820498	0.009991586	-0.005440643	0.051501166	0.05914536	0.0032823868	-0.016803954	0.02097087
0.016199626	-0.026368288	-0.043469276	0.07308315	-0.008041217	-0.039297964	-0.03500613	-0.01337587	0.052137636	0.08385527	0.039030094	-0.037693147	0.041152783	0.03294928	-0.019944847	-0.022888517
0.029697131	0.02614485	0.05534682	-0.013806915	0.04795014	0.03560517	-0.027236747	-0.010136981	0.028908813	0.0011940147	-0.026370097	-0.07249333	0.013933948	-0.016896535	-0.0070303464	-0.0052517382
-0.0044793724	-0.0633666	-0.06338168	0.01390414	0.009780647	0.032825883	-0.029154565	0.0014107187	-0.03103912	-0.0014006742	-0.004959413	-0.0038191155	0.030385872	-0.020368503	-0.0051738033	0.024457175
-0.18502925	0.017431885	0.07178628	0.0059486195	-0.012150322	0.037583694	0.0937854	0.03701524	0.023015179	0.00838719	0.06087257	0.00025699614	-0.090303175	-0.0024118703	-0.099737935	-0.04512998
-0.032620486	0.04961712	0.036685944	-0.10883041	0.10789519	0.150528	-0.057518058	0.056682155	-0.08362531	-0.026620207	-0.058566384	-0.029982721	0.07972434	-0.052566376	0.06533677	0.006073524
0.066161275	-0.09562303	-0.06737045	0.027400382	-0.062417023	-0.01960186	-0.07077157	0.004656199	0.06868131	0.07317895	0.020113418	0.010196328	0.037493262	0.07236833	-0.09333651	0.0763417
0.023839539	-0.06508818	-0.07672869	0.13074657	-0.057218775	-0.04537025	-0.018380653	-0.042287994	0.05627846	0.09238498	0.032295942	0.0047508413	0.01175396	0.03881419	-0.008315158	-0.042894784
0.011743238	-0.042312287	-0.04113541	0.1505936	-0.09222111	-0.075404234	-0.0112970155	-0.11365677	0.095538914	0.08173131	0.116882324	0.02705982	-0.09004167	0.084923245	-0.06459521	-0.06815966
0.13372295	-0.05157368	-0.10601357	0.08496674	-0.023410346	-0.09979193	0.021898491	-0.10602654	0.054650195	0.065862365	0.04143707	0.027797837	-0.03516993	0.056895975	-0.024176497	-0.04969912
-0.047827523	-0.090383805	-0.03260936	0.020311942	-0.049516857	-0.044513393	0.028837051	-0.08369682	0.05629171	0.09492836	0.06398357	-0.004665161	-0.042657275	0.022620859	-0.032889906	-0.059181754
0.070351094	0.055714373	0.06023889	0.018995512	0.056766793	-0.0068263933	0.0031688788	0.042711344	-0.09323231	-0.03875354	-0.042754732	-0.009003178	0.03801767	-0.069548994	0.087644294	0.11550692
-0.08638983	-0.10220068	-0.04099461	0.05296492	-0.12027936	-0.07462874	-0.016183471	-0.12191821	0.04473936	0.028762829	0.09059181	0.06797796	-0.022203084	0.07045555	-0.072287336	-0.07721757
-0.06352538	0.1075313	0.14585681	-0.16665213	0.16236074	0.09367359	-0.063830726	0.047458738	-0.086591855	-0.10759911	-0.17981242	-0.068441	0.09447085	-0.12701829	0.17128879	-0.028136421
0.102664225	-0.025074791	-9.221869e-06	-0.037765667	-0.006759753	-0.0184848	-0.0066676037	0.03485043	-0.008232864	-0.01484846	0.01415353	-0.00667587	0.010567155	0.045204114	0.022584135	-0.12030692
-0.025965452	-0.09785314	-0.10535499	0.1436393	-0.05729352	-0.10136718	0.052233048	-0.04869743	0.13613157	0.092410386	0.14221837	0.051290885	-0.04752526	0.13673712	-0.05450824	-0.0848984
-0.011936184	-0.030612268	-0.029103588	0.009718231	-0.03162814	0.025882037	0.016644401	-0.041862145	0.0032347492	-0.016891303	0.054315027	-0.023804719	-0.05881495	0.01925808	-0.083253935	-0.044351954
0.10346655	-0.0014437367	-0.093374774	0.027383454	-0.051079076	0.011298341	-0.03125622	-0.002586414	-0.013753678	0.023644332	0.00061087357	0.02386651	-0.033993438	0.090719506	0.059373274	-0.019407677
-0.11172506	0.017144727	0.067642845	-0.0443357	0.03785282	0.060856227	-0.0051947935	-0.017842067	0.006414879	-0.03666356	-0.023377264	0.019784378	0.016348213	-0.06371591	0.026115626	0.020926531
0.0046677613	0.06604389	0.10584518	-0.11746045	0.018550498	0.12683252	-0.099063635	0.060986694	-0.044089172	-0.052463345	-0.077616766	-0.029754413	0.046717007	-0.10018603	0.0037088043	0.02618996
-0.028051825	0.03094009	0.012857324	0.0068209707	0.105883285	0.0916922	-0.10788448	0.033226106	-0.066432305	-0.114079	-0.05947068	-0.07223637	0.039826393	-0.012933213	0.017084965	-0.00083344
-0.02048797	-0.28929096	-0.28939128	0.3677511	-0.29255015	-0.3231526	0.06048656	-0.1909071	0.33849707	0.21026559	0.44532877	0.11094756	-0.21566918	0.3393343	-0.24641484	-0.124158874
-0.03602481	0.053494945	0.06438815	-0.0986576	0.06920619	0.05280405	-0.045699812	0.011841083	-0.040644433	-0.047262732	-0.093821004	0.024174992	0.0707007	-0.10263477	0.038231168	0.113465935
-0.06280635	0.0069043892	0.040655117	0.050618604	0.0020208564	-0.029195491	-0.03221405	-0.039651956	0.1060992	0.030799648	0.041631307	0.04881742	0.07441471	-0.0052401847	0.006518268	-0.067273125
0.027506273	0.13719869	0.07406867	-0.22764318	0.1508238	0.12697138	0.0059047733	0.05529673	-0.17850861	-0.051137343	-0.15208091	0.039738085	0.083168045	-0.12382334	0.07695158	-0.0021004868
0.0556633	-0.10272099	-0.04925892	0.057192937	-0.037356623	-0.08187845	0.056711677	-0.022324454	0.047530197	0.05779181	0.0065912902	-0.028518708	0.04462669	0.029111777	0.02309472	0.030915484
0.0779615	-0.060738575	-0.059117857	0.06069618	-0.07096719	-0.066213004	0.07429988	-0.022173012	0.023920562	0.044083383	-0.0016220664	-0.04466699	-0.06243888	0.045044206	0.00470806	-0.03979352
0.0996796	0.048857562	0.01464843	-0.12534128	0.10433106	0.1298453	-0.09093766	0.052203547	-0.11057577	-0.018638905	-0.039543167	-0.008464546	0.032705046	-0.016234584	0.06485117	0.040534835
0.07878413	-0.17778136	-0.21022905	0.24961102	-0.14447707	-0.2514043	0.023684625	-0.18454541	0.20254885	0.1663908	0.23419268	0.083477765	-0.14182748	0.26204446	-0.19453661	-0.060052466
-0.13631698	-0.006723627	-0.033191755	0.021248242	-0.02000292	-0.024390556	-0.015136331	-0.025462015	-0.039981533	0.088139415	0.03587996	-0.030339383	-0.030432107	0.024438571	-0.05595508	-0.008557066
0.09697212	0.0067994585	-0.022173015	-0.013613815	0.016788458	-0.045802392	0.007052399	0.02183139	0.046303306	0.013059326	-0.05417869	-0.0009699196	-0.018356029	0.06458583	-0.016967265	0.006286827
0.077170946	0.013775607	0.018504359	-0.0054675224	0.07972247	-0.023594348	-0.049559306	0.08403816	-0.05054849	-0.02080926	0.02335859	-0.030070988	-0.0055989306	-0.012203935	0.049226873	0.10932332
0.031626627	-0.05956492	-0.056818485	0.07196696	-0.039831903	-0.027135404	-0.024927048	0.029268865	0.05586282	-0.006100488	-0.005725731	0.03783721	-0.0036832541	0.08110222	-0.031228524	-0.028217461
-0.11378632	0.04518712	0.13449289	-0.14989515	0.06252785	0.11283351	-0.06431213	0.004504881	-0.064370155	-0.08521624	-0.069867976	-0.06856434	0.04117268	-0.08762832	0.08491697	-0.0107439365
0.03505881	-0.008625962	-0.037534803	-0.058719046	0.043001384	-0.03728075	-0.016306944	-0.030237	-0.051837336	-0.011968211	-0.06109476	-0.01606879	0.028713316	-0.048750322	0.0402127	0.0038213315
-0.04731818	0.06638573	0.043322857	-0.04637723	-0.0074726427	0.019194504	-0.011193434	0.052183617	-0.05615799	0.053423088	-0.02287841	-0.0651406	0.0033423756	-0.015821002	-0.006863673	0.06573763
-0.10240155	0.018757295	-0.03785416	-0.079858534	-0.08305249	0.04592717	0.06786914	-0.0063461806	-0.03330675	0.03391191	0.0025521372	0.0411908	-0.025255596	-0.08212646	-0.0007413338	-0.036703393
0.032137863	0.13615964	0.12915519	-0.17952028	0.16882683	0.037373193	-0.085428506	0.07741375	-0.096873954	-0.08275164	-0.16872844	-0.02521163	0.082727306	-0.072477326	0.1341019	0.011119381
0.09238008	0.07472163	-0.013822505	-0.024374207	0.012510585	-0.008129218	0.013085988	0.010770361	-0.03979304	-0.0460006	-0.06588945	-0.05655544	-0.061597634	-0.022935357	0.054624	0.03141971
-0.02416109	-0.008597724	-0.11078508	0.08473359	-0.076578654	-0.04680536	0.052400615	4.309573e-05	0.09682397	0.05535883	0.11193824	-0.028193278	-0.031883772	0.10089732	-0.031343725	-0.06522781
0.0044993805	0.09788432	0.09913773	-0.15126832	0.13649121	0.02642685	-0.0450492	0.030443177	-0.09585353	-0.12110185	-0.10345918	-0.09024747	0.05765035	-0.0616432	0.07680317	0.048779704
0.11107564	0.06743438	0.05988002	-0.10696298	0.15456392	0.082402885	-0.056817327	0.042652108	-0.07848985	-0.05759908	-0.15137675	-0.04273518	0.107494354	-0.09280906	0.092501655	0.04487699
0.114214174	0.04325067	0.008247176	-0.03850642	0.02724	0.061621856	-0.054530483	-0.03768076	-0.056832876	-0.014942474	-0.049868908	-0.055149052	0.056645665	-0.041222148	0.106397	0.07831641
0.06999854	-0.21363819	-0.1978515	0.23932579	-0.117777705	-0.122596435	0.018928098	-0.10419564	0.19268504	0.1620182	0.23271574	0.006160277	-0.08457047	0.21683866	-0.16756114	0.042079933
0.13533123	-0.08949287	-0.1133251	0.08935521	-0.06797705	-0.08551468	-0.021796117	-0.053548943	0.13095696	0.03547258	0.10246061	0.041545063	-0.04230441	0.10506397	-0.061664283	-0.11110268
-0.1401578	-0.04168903	-0.07321283	0.032640956	-0.06667658	0.030346736	0.030414796	0.027335763	0.018554734	0.07347343	0.02492834	0.034538504	-0.06401622	0.0757889	-0.03785922	-0.053322393
0.026560815	-0.27583033	-0.28625545	0.32867435	-0.3115195	-0.25636303	-0.011376851	-0.16403443	0.31945312	0.20634292	0.32140082	-0.01651434	-0.15516089	0.231662	-0.26137686	-0.09393948
0.11402257	-0.0182688	-0.006790694	-0.03640179	0.05565355	-0.025997194	0.025353344	0.03836222	-0.08585174	-0.03596449	-0.0448947	0.006674682	0.027626446	-0.028271567	0.12651563	0.01786678
0.00736828	-0.025161002	0.044205673	0.0011334006	0.034939095	-0.0061263833	-0.10031309	0.043201722	0.0032228814	0.011654912	-0.018421203	-0.011622835	0.057657618	0.0034257474	0.047715105	-0.011833122
0.0073537864	-0.23472911	-0.17716895	0.28034085	-0.18910858	-0.19410911	0.009825	-0.061590243	0.2943792	0.19752258	0.3049271	0.118919976	-0.08465259	0.2230512	-0.13485317	-0.13372567
-0.0008502263	0.06359316	0.04178571	-0.07550412	0.07724997	-0.014406247	-0.015396961	0.00811001	0.00196827	-0.07955914	-0.07434617	-0.033433482	0.070157535	-0.060035728	0.04474345	0.06501042
-0.017212393	0.034473993	-0.036414895	-0.040337216	-0.025645643	0.02544122	-0.024913238	0.003925626	0.02374891	-0.017217796	-0.009449428	-0.014854383	-0.02680799	-0.045909658	0.0054449625	0.012638431
0.10079105	0.05117461	0.09179775	-0.19137892	0.18092725	0.035873685	-0.15389505	0.004393451	-0.059754822	-0.090674326	-0.197975	-0.13084278	0.058465846	-0.15950549	0.1474318	0.08203014
0.08513884	-0.15400888	-0.13345386	0.17319225	-0.11647661	-0.1915559	0.024866266	-0.13809282	0.21097532	0.11425963	0.13154174	0.08035014	-0.12373704	0.13662782	-0.14644374	-0.04615474
-0.0072248373	-0.041084822	-0.035171013	0.0043117986	0.01974182	-0.01636572	-0.04588583	0.031777237	-0.046934955	0.005545381	0.00015081004	-0.0020861772	-0.0813712	0.044039253	0.03940866	0.030452944
0.05819931	-0.025102122	-0.06207906	0.018010875	-0.046149604	0.015240332	-0.053024054	-0.06275791	0.041155964	0.019025942	0.09268047	0.059926916	0.017770259	-0.015086668	0.004790689	0.03066615
0.11662212	0.088973805	0.0002391111	-0.021823071	0.04735989	0.021426005	-0.015854742	-0.016288595	-0.0022763377	-0.03775468	-0.084044695	0.01728883	0.01277897	-0.015013558	0.1019436	0.056464937
0.054758735	0.040604297	-0.02971654	-0.029919052	-0.050820053	-0.027228886	-0.089101896	-0.06615123	-0.013986593	-0.0034940692	0.040092144	0.045094986	0.061377686	-0.04189924	-0.0023462104	-0.008275407
0.0662129	-0.07878916	-0.04626135	0.031442393	-0.040288333	-0.07158462	0.008196192	-0.038580917	0.07062925	0.06630157	0.07418452	-0.027074223	-0.064036556	0.017912285	-0.045964595	0.05079573
0.0059799924	0.115079686	0.118527934	-0.20132868	0.16558953	0.16889283	-0.11359206	0.027144225	-0.110248625	-0.1601117	-0.18523656	-0.07967327	0.020083651	-0.13423215	0.16866153	0.03113437
0.09081146	0.05492135	-0.016781626	-0.11599111	0.07057237	0.031112963	-0.07826172	0.012808501	-0.06590805	-0.10829117	-0.053765178	0.011185211	-0.025082612	-0.018523764	0.023130134	-0.008804609
-0.021711024	-0.24439521	-0.21147884	0.40057778	-0.3143488	-0.2556264	0.11352627	-0.1422562	0.36439154	0.26242363	0.38045007	0.029100295	-0.1535956	0.36809063	-0.28625235	-0.17892222
0.001486805	-0.123747736	-0.0010635216	0.12652439	-0.08508754	-0.082157254	-0.017646996	-0.062116504	0.05399788	0.06503288	0.12369424	0.010221883	-0.029529925	0.08780238	-0.06930258	-0.06504754
0.09196637	-0.005449234	-0.074588194	0.053366754	-0.04581603	-0.024466395	-0.028526347	-0.0029143873	0.064267784	0.08430422	0.02779392	-0.003495168	0.004668742	0.06031526	-0.05949273	0.036501665
-0.07286387	0.030215155	-0.031990837	0.016866306	-0.0025472904	0.08521023	-0.016805982	0.01252208	-0.041654993	0.012719128	0.002878854	0.025251737	-0.051392324	0.019827632	-0.074668735	0.03958741
0.02958392	-0.08422217	-0.04944404	0.059043113	-0.06437018	0.002084213	-0.026109096	0.016932197	0.09487641	0.046029206	0.07481265	-0.017128369	0.033922933	0.057202253	-0.0806053	0.0129705
0.03425414	-0.01575369	-0.058911398	0.054325853	0.008596355	0.0008965313	-0.038320895	-0.023776783	0.047017824	-0.006841059	-0.0035307594	0.005123038	0.037811436	-0.0062661706	-0.022216965	0.02666273
0.011250694	0.10518008	0.062359355	-0.08165339	0.10800509	0.07639458	0.015790716	0.07551555	-0.13422956	-0.0066101416	-0.060747363	-0.0060109547	0.05376572	-0.103189595	0.069985695	0.03892263
0.09788929	-0.09026689	-0.118337065	0.053124603	-0.031086227	-0.021044554	-0.016306663	-0.084910706	0.09033651	0.10969973	-0.008599469	0.0313171	0.017392293	0.08150557	-0.013866779	-0.0074881706
0.12500247	-0.18189315	-0.11752451	0.1996317	-0.109715454	-0.18966797	0.011813961	-0.10800499	0.15594755	0.0759874	0.13436869	0.025335047	-0.04130308	0.16093178	-0.1629555	-0.06065364
0.022218443	0.0047317417	0.037934117	-0.039127618	0.06905299	0.0009658202	0.020893918	-0.025765376	-0.046571363	0.034390576	-0.05192538	-0.05916125	-0.006943779	-0.006505762	-0.004166059	0.038771685
0.09156233	-0.11292729	-0.12023851	0.09807326	-0.142709	-0.10982924	-0.072854534	-0.0975951	0.086717114	0.11614023	0.037637606	-0.026956199	-0.059550308	0.07805475	-0.12032134	-0.034622945
0.078011125	-0.068558395	-0.02187248	0.08140299	-0.08226549	-0.059708606	0.02686536	0.0062830844	0.13473988	0.14294173	0.09464602	0.018849235	-0.06862326	0.13702942	-0.10749702	-0.084902436
0.023214707	0.007962704	-0.048537128	0.017944552	-0.011148942	-0.08437774	0.0041216547	-0.020063195	0.04347594	-0.025901346	-0.025741927	0.010543928	0.007818537	0.023795063	0.024026144	-0.059881587
0.050894883	0.0027485932	-0.005191632	-0.005938704	-0.013961902	0.013114404	0.019652398	0.01768592	0.06950728	0.05841639	0.032525763	0.02819064	-0.023175852	-0.013504072	0.0100620445	0.012496258
-0.010068913	-0.060120657	-0.07747068	0.12724687	-0.0794108	-0.059023023	0.08052501	-0.09454322	0.11819901	0.09077735	0.1600205	0.08036236	-0.04202499	0.1061266	-0.10845002	-0.10162458
0.06978963	-0.070495605	-0.056207173	-0.005044312	-0.054536592	-0.073085055	-0.07908824	-0.008133201	0.06472512	0.055410888	-0.013375308	0.015765404	-0.07044414	0.019759787	0.006765324	-0.0054776715
0.038582705	-0.022744073	-0.07304568	0.055223342	-0.02936302	-0.040974375	0.027400235	-0.05605148	0.021985088	0.04567222	-0.0023269972	-0.038609296	-0.033523414	0.050536547	-0.03294723	-0.010601068
-0.015883883	0.14929311	0.21107772	-0.1537612	0.17253797	0.1801306	-0.020622592	0.11381739	-0.20225313	-0.05345141	-0.1862557	-0.07450481	0.05824618	-0.11047632	0.14945538	0.0027728295
0.122956626	0.035345595	0.04841987	-0.03174459	0.09433643	0.02547579	-0.022732235	0.05268693	-0.04492989	-0.026903301	-0.060693894	-0.047447648	0.07135041	0.00016395582	0.101959676	0.105898134
0.038876545	0.097812384	0.11492559	-0.07142664	0.11259455	0.055523243	-0.10739289	0.18055244	-0.12875524	-0.11091502	-0.13876876	-0.10693322	0.078484885	-0.08694658	0.14244647	0.106563196
0.0726536	0.042905625	-0.025842	-0.002694795	0.064297244	0.02616741	-0.060916286	0.045704685	-0.0110764215	-0.11765518	-0.020981753	-0.113415815	0.05702465	0.009064893	0.10177988	0.04048725
0.09254694	0.04087449	-0.007888191	0.047673505	0.033123948	0.012938869	0.010299162	0.04814292	0.021873532	0.08696349	0.046652842	-0.0043903766	-0.023352437	0.041735575	0.031248724	-0.06643712
-0.021673959	0.0024764806	0.010825813	0.03505881	0.026615014	0.037200604	0.04547173	-0.0045626233	-0.026994105	0.09062447	0.024758706	0.07913281	0.01450969	0.020370621	-0.040158328	0.054516613
0.094629444	-0.10356106	-0.06481255	0.06416103	-0.06930955	-0.08563209	-0.008542678	-0.13262555	0.09731241	0.08315742	0.031496834	0.09534231	-0.06839253	0.045929283	-0.036990426	0.076079406
0.026767367	0.24848402	0.20445615	-0.38223365	0.2845481	0.33253536	-0.054322682	0.19143565	-0.28638554	-0.22089286	-0.34279674	-0.19072716	0.22958757	-0.3658124	0.33601606	0.1566435
0.13415913	0.11566714	0.076976515	-0.0853958	0.13384272	0.023158671	-0.04716116	0.12167248	-0.090943635	-0.054024797	-0.14992552	-0.058374442	0.07521379	-0.07939287	0.15430824	0.0074012433
-0.013314419	0.014129421	-0.008247853	-0.048170343	0.034437977	0.00702856	-0.06014483	0.102801204	-0.0055784476	-0.0906023	0.017937249	-0.047390036	-0.044980235	-0.027296457	0.08750256	0.07058118
0.0018523315	0.28184032	0.2312822	-0.34485692	0.30333695	0.23548286	-0.1507615	0.12290135	-0.30655482	-0.26377296	-0.35788953	-0.09416437	0.26996145	-0.33235258	0.37552324	0.10458963
0.057317477	0.12820964	0.062181998	-0.13114499	0.15441708	0.0807001	-0.1715414	0.057112526	-0.065131575	-0.12437052	-0.088517085	-0.08322515	0.062410984	-0.07270384	0.15616572	0.0768756
0.031455092	0.011159485	0.012125391	0.015622207	0.07147963	0.01430812	0.014512884	-0.046607163	-0.008695588	0.06630204	0.01950248	-0.05019351	0.022258354	-0.043957893	-0.018531924	-0.015100647
0.037779305	-0.057723183	-0.016160034	0.014795262	-0.0133825205	-0.012977515	-0.076787986	0.008958367	0.0496016	-0.010361825	0.0012069513	-0.0049366816	0.07906613	-0.06800429	0.031460628	0.021666327
0.018204857	0.10327121	0.09834904	-0.2009626	0.14039734	0.13918826	-0.002742064	0.027409114	-0.16940372	-0.067790605	-0.26470274	-0.07047588	0.06552039	-0.19801001	0.21260162	-0.0077690994
-0.0039299033	0.0006075656	-0.023643581	0.08405825	-0.005624468	-0.016303575	0.036756862	-0.0022711162	0.0012097531	-0.027244568	0.099970065	0.013590666	-0.046162333	0.0139362775	-0.07484809	-0.016302753
-0.0916768	0.10210503	0.17283306	-0.16498238	0.14035848	0.18399553	-0.031682238	0.0449861	-0.19953838	-0.07015904	-0.14004992	-0.026784215	0.031038627	-0.116904534	0.16504556	0.04760349
0.0078822905	0.03961249	0.02183591	-0.017424276	0.05494793	-0.0094136605	-0.031129492	0.07266058	-0.05095892	-0.035711046	-0.10827849	0.009269211	0.055138905	0.003436376	0.02997578	0.065197356
0.061150998	-0.061257273	-0.049345385	0.03684131	-0.015614406	0.005432114	-0.053428132	0.0421575	-0.014996203	0.05128655	0.07447695	-0.05619545	-0.008877069	0.06650132	-0.061317336	-0.0004524587
0.09446031	-0.38497522	-0.26185483	0.3507824	-0.29238516	-0.29260343	0.11868992	-0.14923365	0.31814542	0.2998944	0.3734627	0.08494366	-0.18110342	0.3445119	-0.21763228	-0.082903355
0.07268795	0.2701269	0.22764438	-0.39549488	0.31962812	0.30898303	-0.11201998	0.1889114	-0.3090776	-0.2554159	-0.3934174	-0.08171943	0.18703414	-0.35390872	0.34832972	0.0970382
0.02173489	0.07964189	0.034591604	-0.11193144	0.04836391	-0.011082881	-0.10588332	0.007665206	-0.037621234	-0.0010825635	-0.066034526	-0.033610992	0.05968065	-0.03925599	0.016080867	-0.029098645
0.013013011	0.09917665	0.06425001	-0.14155667	0.122432455	0.14253144	-0.08133042	0.06987158	-0.04163271	-0.06943834	-0.13949282	-0.025190737	0.087943584	-0.051183995	0.1079556	0.033404667
0.13304275	-0.20635828	-0.19626778	0.25139508	-0.14486621	-0.17974527	0.08483954	-0.124609105	0.15634158	0.10851632	0.1726849	0.012126716	-0.05516713	0.18530682	-0.10426538	0.014101443
0.028097214	0.1151451	0.07124012	-0.15246984	0.15415116	0.093496	-0.002358974	-0.01591879	-0.10308898	-0.099425375	-0.13737147	-0.06398032	0.08736498	-0.14795843	0.067061275	0.02733555
-0.04257994	0.061162155	0.05320064	-0.12817995	0.047846194	0.13602798	0.03448645	0.1068812	-0.064531915	-0.034577698	-0.13296345	-0.10222852	0.05096344	-0.09877291	0.043948162	0.06378284
0.060053427	-0.022867916	-0.056721285	0.032558404	-0.017729012	0.013213718	-0.07999396	-0.034225762	-0.025807654	0.0027241393	-0.03139697	0.016107954	0.033706777	0.015176547	0.02405693	0.0144094
0.0615927	-0.071353786	-0.074956045	0.109091975	-0.0718503	-0.09242682	0.13661209	-0.0149034355	0.13328227	0.067370646	0.10222866	-0.00060551695	-0.024396392	0.041386202	-0.1068596	-0.08902465
0.05107572	-0.073622674	-0.050677296	0.11645782	-0.012015132	-0.052204434	-0.037892196	-0.004821284	0.09293494	0.018416816	0.11282792	0.05364691	-0.0035771565	0.011902668	-0.0070807477	0.053884357
0.075036645	-0.06328412	-0.019819528	-0.030325804	-0.00405085	-0.033233117	-0.026106397	0.010277142	-0.0104081975	0.012777347	-0.008483563	0.03845893	0.05302886	-0.038520243	0.043529063	-0.029331224
0.09485838	-0.03983038	0.035243403	0.031904776	0.018237956	0.031274445	-0.029151838	-0.050735414	0.063373215	0.041938145	-0.03683628	-0.031497303	0.043995705	0.052433703	0.07801168	0.026232524
0.08874859	-0.124174416	-0.089168146	0.19523	-0.1173028	-0.1458784	0.004798369	-0.10048601	0.117044374	0.037804715	0.11798428	-0.00477996	0.008228626	0.08815633	-0.052773427	-0.023537736
0.016340224	-0.031037237	-0.09887385	0.012963453	-0.0606504	-0.0844213	-0.026165295	-0.07929983	0.031643424	0.12596878	-0.0114501165	0.048135385	0.06369695	0.044585958	-0.07791726	0.099603534
-0.0012402788	0.03824927	0.068132624	-0.06389139	0.033105403	0.021952195	-0.01169687	-0.09918907	-0.05328271	0.02541993	-0.13748872	0.008132617	0.06877772	-0.1300989	0.07159185	0.08901528
0.12862132	-0.15361379	-0.10917065	0.08860932	-0.08488174	-0.10675627	0.09803254	-0.12489131	0.1469795	0.11910321	0.101479374	0.08296514	-0.06475799	0.12582129	-0.054110393	0.03180731
0.04913314	-0.014207215	-0.026756162	0.0082575735	-0.04347596	-0.07065041	-0.00025061716	0.070535436	0.0076495023	-0.056380544	0.0006612998	-0.03683611	-0.08081632	0.016831158	-0.071379386	-0.099180765
0.04764418	0.19525976	0.22261666	-0.34296542	0.3014054	0.18726565	-0.06515592	0.119773425	-0.31011012	-0.20308435	-0.33907261	-0.14189447	0.18701869	-0.22136535	0.22887734	0.09650013
-0.067785434	-0.23442249	-0.23658665	0.24792656	-0.2197857	-0.25000116	-0.029908769	-0.19847657	0.23692256	0.19715063	0.28384396	0.09722473	-0.11888654	0.21882153	-0.20010218	-0.1391205
0.07229565	0.030404733	-0.030291049	0.08064261	-0.064200446	-0.029054377	-0.043777693	0.042129643	0.012300611	0.002037585	0.10796565	-0.019354064	0.029037056	0.07458728	-0.040834285	0.009296491
0.01146999	0.35036093	0.35015035	-0.4654606	0.41732788	0.33845356	-0.09519159	0.2495259	-0.40993243	-0.3378533	-0.39042625	-0.13192654	0.21328616	-0.38277748	0.4008423	0.18956368
0.037028592	-0.09937909	-0.1202333	0.069904186	-0.050270226	-0.06670974	-0.05155284	-0.07588547	0.08264178	0.066984914	0.046666168	-0.015647573	0.016581666	0.04473455	-0.04640368	0.017618619
0.038436756	-0.22223176	-0.1713974	0.2539864	-0.23857665	-0.20502776	0.05226013	-0.058414925	0.1929798	0.17134564	0.24212173	0.038873788	-0.16137224	0.24932379	-0.19346896	-0.053759966
0.10436313	0.029499006	0.0032594977	-0.11159812	0.062644206	0.022108817	-0.0050446903	0.067103975	-0.024898326	-0.022795135	-0.03439043	0.005926137	0.049626946	-0.056881607	0.10551202	0.11191709
0.03423952	-0.09411532	-0.116059944	0.101933464	-0.121521056	-0.13526191	0.021990253	-0.046151124	0.09336314	0.09324439	0.091751456	-0.058677673	-0.08465262	0.09595293	-0.0571184	-0.02839384
0.056909624	-0.087115526	-0.022844201	0.073396884	-0.0107899085	-0.10927019	0.058122534	-0.0021399704	0.027470866	0.06188838	0.0062663103	-0.078781836	-0.07317599	0.004381305	-0.05188903	-0.029454272
-0.039602935	0.0058237235	0.022219539	-0.036349516	0.007202332	0.020937147	0.050443374	0.024711184	0.03134882	-0.03826462	-0.045093045	-0.10249838	0.057723444	-0.041359518	0.0036864462	0.11769606
-0.014369452	-0.14353581	0.02184413	0.081494324	-0.048879076	-0.037423685	0.09216771	-0.053100146	0.098291405	0.025732202	0.14520435	0.08974574	-0.08915663	0.115093306	-0.06911453	-0.05040935
0.11154181	-0.00067138276	-0.013565182	-0.0712476	0.045533992	-0.013663889	0.001471724	0.055933528	-0.07868546	-0.057489533	-0.05698988	-0.07224074	0.051745996	-0.034893453	0.16668114	-0.018535659
-0.06218031	-0.18445203	-0.20907147	0.26727802	-0.28038403	-0.12886572	0.13176316	-0.16711561	0.26564893	0.2015541	0.26090991	0.1191264	-0.12835178	0.2280841	-0.241365	-0.19452885
0.11415826	-0.019824637	-0.04449784	-0.036704395	-0.014671037	0.020514283	-0.027373113	-0.021289526	0.008198665	-0.008093763	-0.049136836	-0.048683863	0.053875864	-0.024022616	0.03688567	0.0272525
-0.009991329	-0.002243051	0.04463388	0.014286743	0.0057969783	-0.023161676	0.07934024	-0.079770945	0.020324048	0.019188335	0.06826158	-0.05544659	0.001864157	-0.008173173	-0.022577789	-0.02298677
0.010517882	-0.13531642	-0.06884016	0.158996	-0.11766446	-0.14749688	-0.004829635	-0.059083126	0.16818203	0.070279695	0.1773888	-0.030020978	-0.14009157	0.10576555	-0.098399326	-0.012684432
0.13674763	0.046003804	0.007249307	-0.059158187	0.061706256	0.04886021	0.015592776	-0.004092338	-0.08068406	-0.017934212	-0.08100663	-0.07940025	0.016662277	-0.07583386	0.10498326	0.054114837
0.043937612	0.0063652387	0.044250354	-0.095773675	0.09155402	0.048379406	-0.08477403	-0.004337022	-0.013349884	-0.083313145	-0.053941205	-0.0075524114	0.086927205	-0.02776881	0.06638284	-0.043159217
-0.005566533	-0.07804537	-0.045847557	0.09337667	-0.051229008	-0.04310509	0.047380775	-0.041185454	0.12799148	0.07141998	0.123379536	0.026675653	-0.037706275	0.079637095	-0.07704633	-0.08165815
0.011738244	-0.14453974	-0.098296165	0.15517664	-0.10779461	-0.07518527	0.04631703	-0.047342025	0.12771581	0.12769437	0.06773568	0.061159987	-0.046605512	0.1018406	-0.08946565	-0.024483077
-0.04779291	0.11373519	0.20822799	-0.22786064	0.14952	0.1816686	0.036427885	0.05083172	-0.24423948	-0.1665244	-0.21003075	-0.01459671	0.09244887	-0.15491506	0.13897471	-0.083080865
0.04049305	-0.14233248	-0.07683649	0.12690952	-0.11528105	-0.074821144	-0.042723026	-0.08448169	0.11019861	0.019846812	0.15697415	-0.05381318	-0.07539939	0.14599568	0.008671636	-0.020148035
0.11656658	-0.022271786	-0.054539125	-0.08374835	0.04780059	0.06334554	-0.060199186	0.0467174	-0.034503218	-0.10548944	-0.0713696	-0.07184516	0.059746638	0.0016724088	0.09150161	0.0035942288
0.07863434	0.04809633	0.028018449	-0.07555262	0.016160665	0.0088287275	-0.08007487	0.04716756	-0.13885929	-0.021004722	-0.09071053	-0.0053379815	-0.0040406683	-0.03756177	0.08073113	-0.0030921386
-0.12846455	0.0053378185	-0.049641166	0.05927485	-0.15600036	-0.04694785	-0.0029570237	-0.066135414	0.04495728	0.09996108	0.0502186	0.05499603	-0.04107841	-0.012338093	-0.15948363	-0.06451476
0.045257702	0.08558502	0.057025146	-0.07277034	0.16176678	0.08905261	-0.07101801	0.065329134	-0.06944082	-0.11414111	-0.14804552	-0.022445451	0.11938088	-0.09947014	0.17401357	0.09519756
0.14726461	0.21228959	0.18105109	-0.25009957	0.2592842	0.18356271	-0.08808362	0.21517034	-0.2100501	-0.228377	-0.22670646	-0.13589041	0.1702323	-0.23317048	0.29865667	0.13498688
0.07036055	-0.049847122	-0.11913486	0.10777378	-0.082929276	-0.10475523	0.058604915	-0.068619765	0.09352512	0.049338616	0.07545197	0.0016828625	-0.017129745	0.055645406	-0.14064562	-0.010535794
0.06405807	0.057030406	-0.016882641	-0.11417523	0.060705125	0.035702206	-0.014809457	-0.011044513	-0.07588701	0.0002450567	-0.08579	-0.038540784	0.04692426	-0.070627145	0.041919652	-0.008681186
0.05605192	0.10290309	0.02388032	-0.10945581	0.030768072	0.016739607	-0.026937723	0.0515319	-0.006746986	-0.049635958	-0.03569746	-0.030404668	0.06641288	-0.09482893	0.0060335016	5.118124e-05
0.038697917	-0.0033009755	-0.036194965	0.06580907	-0.0452	-0.0070662983	-0.057798583	0.004419489	0.026616888	-0.026831858	-0.014968281	-0.019260956	0.013419905	0.06931165	0.014994037	0.028097523
0.08900348	-0.08155183	-0.0729653	0.07323316	-0.08972988	-0.16831887	0.006196906	-0.06219357	0.13583358	0.012494612	0.091128215	-0.026933324	-0.068897575	0.12243562	-0.06477589	-0.044807356
0.06651231	0.097341046	0.06334411	-0.116371505	0.11018646	0.024601683	-0.039462276	0.00569086	-0.12822051	-0.012784178	-0.06016311	-0.042220816	0.1375756	-0.038369864	0.06978671	0.049950205
0.1675008	-0.037559666	0.011800255	-0.054109506	0.027387263	0.014378897	-0.015943099	0.04104194	-0.021712804	-0.002869442	0.0013573214	-0.009314561	0.080096275	-0.034013957	0.056835406	0.065843254
-0.042975012	-0.12906678	-0.13212954	0.059167568	-0.08280626	-0.090757355	0.04229411	-0.079162195	0.042277876	0.12671947	0.03414936	0.118967175	-0.026507374	0.06447033	-0.15148224	0.019774478
0.06411131	0.008615333	-0.04123029	-0.0648517	-0.015232479	0.008772215	-0.04948455	-0.06441353	-0.03271304	0.033440523	0.01970243	0.05616458	-0.0056879916	-0.005672909	0.004205798	0.046872873
-0.019913672	0.021035977	-0.031641148	0.10639289	-0.054211076	-0.006516761	-0.0076264045	-0.096053086	0.031447854	-0.019076334	0.028511425	0.03209621	-0.020990556	0.056060426	-0.06903645	-0.10150504
-0.035034556	0.0025138191	0.026829297	-0.0008439682	-0.012777153	0.032693412	-0.015402557	0.034686487	0.057322428	0.02741236	-0.050962344	0.036966033	-0.0027420877	-0.022022288	0.022139248	-0.013013095
0.0424651	0.09590379	0.09375012	-0.08336123	0.033252247	0.012722615	-0.18014885	0.06229778	-0.110379055	-0.050662346	-0.084569514	-0.062824056	0.04525876	-0.082756095	0.052004952	0.022237424
-0.005451253	0.121863365	0.09515796	-0.2051299	0.10257187	0.09055994	-0.074833	-0.006208261	-0.1733118	-0.09070379	-0.09904778	0.03630579	0.115057446	-0.18958698	0.105898686	0.122190796
0.08317891	-0.10123023	-0.08008575	0.118525594	-0.09110794	-0.09259578	0.058423843	-0.07993028	0.1566701	0.1130769	0.14228624	0.0017836408	-0.040892858	0.056357563	-0.04023344	-0.059415404
0.054171693	0.29378897	0.2536627	-0.3466383	0.30473295	0.30379623	-0.17807555	0.13069658	-0.28709224	-0.25160983	-0.34119883	-0.12366864	0.27340522	-0.29833096	0.35054484	0.16524993
-0.051669482	-0.0011050506	0.01797463	-0.009414074	0.07059375	0.035192903	-0.031205477	0.052947223	-0.07444488	0.043578792	-0.10355196	0.0052331	0.009684614	-0.027474523	0.02496902	0.0830544
0.054676607	0.12809905	0.02251642	-0.16790122	0.12733291	0.11209	-0.095689364	0.07783102	-0.088333264	-0.15049835	-0.1582663	-0.10773455	0.02440765	-0.07383081	0.08315419	0.048674762
0.09855855	-0.29431444	-0.25506806	0.3357369	-0.3368098	-0.32844782	-0.026315568	-0.15681826	0.29887205	0.22958556	0.37461188	0.025431227	-0.20750341	0.34314075	-0.23327877	-0.15032956
0.09084857	0.046453655	-0.01778311	-0.017976798	0.011408407	-0.030912722	-0.018458394	-0.0024797	0.01808719	-0.036932666	-0.09604989	-0.021083217	0.038028087	0.027151197	0.0816886	0.011194433
0.007262497	0.046017647	0.086775705	-0.052119598	0.06557451	0.060527872	0.0043977145	-0.0047252458	-0.049412582	-0.07156883	-0.09035508	-0.019801788	0.038046036	-0.11340153	0.08968876	0.016619148
0.11269091	0.26150176	0.20452647	-0.28924778	0.24670385	0.21993761	-0.1459874	0.1556689	-0.23000495	-0.21329653	-0.32608712	-0.13137755	0.10684714	-0.26206058	0.26823154	0.15190573
-0.037494153	-0.14247917	-0.11767378	0.06737179	-0.043926723	-0.07914951	-0.038735963	-0.08718003	0.14476112	0.07628879	0.13177952	0.022810284	-0.061565015	0.10972368	-0.044411685	-0.037113104
0.036539033	-0.10623768	-0.06493252	0.015790252	-0.019485395	-0.041621648	-0.06381108	-0.016554587	0.1002624	0.05153723	0.03586651	0.05038804	-0.0850649	0.094057456	-0.087810755	-0.008328839
0.11396441	0.10133989	0.10273475	-0.20234437	0.18233469	0.060998086	-0.020808622	0.0013616324	-0.13832007	-0.075018466	-0.20212722	-0.03955927	0.045839567	-0.13021328	0.14059532	0.049915023
0.042155188	-0.03007485	-0.016975684	0.005179731	-0.045582704	0.017499052	-0.036912292	-0.02147742	0.039007824	-0.01402938	-0.01305707	-0.0106259305	0.045688733	0.039781738	-0.008885806	0.03052819
-0.00303543	-0.09871741	-0.14695142	0.13335234	-0.12928762	-0.13621135	0.13217677	-0.084864914	0.072883174	0.05722539	0.108103335	0.016157614	-0.11502378	0.1757915	-0.061442573	-0.0066430597
0.12531994	0.15707049	0.06357462	-0.1907404	0.19493963	0.07625782	-0.062185805	0.07728613	-0.10044034	-0.11744181	-0.18154922	-0.05597564	0.13553217	-0.12899056	0.20513357	0.059190728
-0.001705322	0.06408714	0.07517126	-0.099858746	0.12789434	0.11328454	-0.11285792	0.10279554	-0.1406647	-0.061968517	-0.15459728	-0.13696164	0.042232767	-0.11658152	0.09599094	0.046721037
-0.017385485	-0.052309174	-0.022899779	0.0822278	-0.06367152	-0.08233655	-0.059080325	-0.009775563	0.045724522	-0.025559401	0.0049541485	0.027153913	-0.016552527	0.050580624	-0.01705888	-0.027410269
0.09511932	-0.16257979	-0.13345806	0.18048343	-0.15823561	-0.19885527	0.13115685	-0.09618643	0.21858807	0.1033926	0.1261244	0.022291444	-0.105966486	0.2314853	-0.1464746	-0.05319929
0.054788847	0.028505422	-0.031102665	-0.03804167	0.028932786	0.04229687	-0.014928421	0.076262005	-0.07292594	-0.021696089	0.016451545	-0.079773605	0.015260233	-0.007617431	-0.0119936345	0.02142058
0.032267176	0.09498621	0.057331096	-0.1491976	0.088028304	0.07711468	-0.017308015	0.09672305	-0.10314008	-0.058891885	-0.06436874	0.0020358688	0.09498102	-0.08372701	0.061758764	0.036983833
0.020317754	0.05124227	0.0032505707	-0.0648438	0.060154464	0.08386087	-0.024444662	0.0462496	0.01504182	-0.008674573	-0.015201335	0.007949371	0.028566053	-0.012456095	0.057459276	0.032309465
-0.10883813	0.036286876	0.082260385	-0.13590944	0.06556288	0.1335457	-0.059548594	0.024640677	-0.10791164	-0.065219454	-0.090424575	0.02903848	0.06435892	-0.11323925	0.09588881	0.014654275
0.1445613	0.15877604	0.09344761	-0.16221672	0.14513478	0.14688493	-0.09257164	0.09204457	-0.14933261	-0.08164164	-0.1824299	-0.04396407	0.11541979	-0.18191077	0.15069577	0.038413156
0.021040082	-0.06469362	-0.03389911	0.14540051	-0.06984455	-0.13441794	-0.01372918	-0.058254562	0.13124414	0.059667654	0.07029389	0.036683075	0.0022728865	0.12711312	-0.018937888	0.070187405
0.0330155	-0.10333917	-0.08742392	0.075616196	-0.066703334	-0.048024576	0.017734792	-0.09588409	0.086684585	0.042978466	0.014658193	0.07306875	-0.014470571	0.056337915	-0.0833119	-0.05740481
0.04396898	-0.14877677	-0.10758017	0.12803574	-0.12253465	-0.17028101	-0.026476372	-0.091521494	0.16714789	0.124028586	0.07773794	0.073820695	-0.012298389	0.13606933	-0.07929283	-0.04697185
-0.11984949	-0.016894557	-0.036638245	0.06821489	-0.11488796	0.01450501	0.030951282	-0.028884996	0.07137057	0.040670473	0.07197891	0.035277594	-0.10903897	0.09871669	-0.13109618	0.047396254
0.049856223	-0.025780274	-0.0664252	0.04117039	-0.024766006	-0.1458272	-0.005914295	-0.04186077	0.02554967	0.028559405	0.07341125	0.03160517	-0.04071771	0.04944269	-0.012864855	-0.06602535
0.010560925	-0.042702965	-0.0040509375	0.08367852	0.0007291668	-0.035200864	0.05362315	-0.050383545	0.061229903	0.05476432	0.0500438	0.106189124	-0.099740446	0.04691497	-0.060097	-0.009322031
0.0059692888	0.0862418	0.030562544	-0.014383606	0.013989963	0.07927179	-0.10275002	0.0006742691	-0.01711324	-0.02036576	-0.025545929	0.021716977	0.07133675	-0.08892929	0.051470086	0.00013037656
-0.071466796	-0.056327105	0.008253992	0.06970552	-0.086508654	0.011773856	0.060805928	-0.02127408	0.077281125	0.0009498042	0.06761449	0.0088169165	-0.018197555	0.0013516509	-0.07533455	-0.053400252
0.060916144	-0.26825052	-0.25860012	0.34872177	-0.21183985	-0.323493	0.106166616	-0.14087398	0.28014904	0.16541699	0.26251584	0.08037596	-0.14570276	0.29529673	-0.25074303	-0.05519557
0.04686216	-0.07523803	-0.07038554	0.047482163	-0.09471662	-0.052441157	0.008051596	-0.06632395	0.07547542	0.04520409	5.154703e-06	0.045043815	-0.006436723	0.06832838	-0.042017985	0.052641995
0.073896125	0.008165991	0.04025992	-0.07025367	0.088348195	-0.025192233	-0.005807607	-0.022383682	-0.01098671	-0.054037206	-0.008919519	-0.021690257	0.028998464	-0.0135447085	0.059794094	-0.027563093
0.10946589	0.14734282	0.1363886	-0.32792756	0.1956471	0.14001493	-0.071380116	0.101260066	-0.2837655	-0.20776156	-0.32385948	-0.096864976	0.11492067	-0.25047776	0.23509777	0.097402506
0.034642022	-0.099319376	-0.07885556	0.05510747	-0.018507868	-0.0613642	-0.0675726	-0.098795444	0.06087301	0.073922284	0.06368899	-0.023534741	-0.0050455322	0.03426638	-0.017559713	0.04755719
-0.093261264	0.07714829	0.09372747	-0.13206507	0.100180335	0.12741402	-0.038526695	0.04995125	-0.12388276	-0.12517889	-0.08017728	0.0005312829	0.103390515	-0.1469796	0.106206365	0.0051409197
-0.058685616	-0.022704277	-0.001618005	-0.001906092	-0.0076568695	0.025100796	0.021947931	0.06358323	0.049836572	-0.014244129	0.042912703	0.06946368	0.010185674	0.05694204	0.024515938	0.055825915
0.07817576	0.1883015	0.1435107	-0.18841045	0.21830328	0.209877	-0.14195715	0.09976281	-0.21520469	-0.16535805	-0.2639075	-0.06971935	0.19791204	-0.24041757	0.28114924	0.09988532
0.05670314	-0.076021455	-0.13904986	0.088413455	-0.016249742	-0.08094325	0.00080484804	-0.06905206	0.07434721	0.028926624	0.057938274	-0.009448233	-0.06961403	0.08588677	-0.064166486	0.01973075
0.035627004	0.050596215	0.011438765	-0.06431869	0.026705395	0.06470858	0.017303482	0.08743968	-0.11513879	-0.07544799	-0.14792043	0.007724411	0.03798814	-0.04393547	0.13372205	0.075502716
-0.057867967	-0.08433005	0.0017975545	0.13574617	-0.09500652	-0.08219378	0.015671516	-0.00651507	0.03774937	0.020194799	0.11165572	0.027294561	-0.065813884	0.042281505	-0.13964137	0.039716594
-0.0021572434	-0.054648593	0.03461527	0.0698373	-0.017530162	-0.06411644	-0.028700057	-0.004117697	0.03585377	-0.011724058	-0.03854484	0.04220564	-0.047861096	0.055395223	0.00032304737	-0.06473025
0.06734246	-0.15850267	-0.100008704	0.20986722	-0.20351556	-0.20179947	0.08532205	-0.1455262	0.19654197	0.08338992	0.16913332	0.034942195	-0.11862754	0.15986657	-0.13572678	-0.06746446
0.1386738	0.044072684	0.033977617	0.009257096	0.03378149	-0.0774785	-0.04756135	-0.0063020224	-0.00026805903	-0.036097374	-0.03499829	-0.03686332	0.0824403	-0.02240837	0.06780752	0.08995815
-0.0022670776	-0.06963389	-0.03814204	0.061603118	-0.10260984	-0.05893315	1.5702732e-05	-0.03771782	0.12914343	0.14576457	0.07035532	0.09626267	0.019548988	0.05753915	-0.06514708	0.047344137
0.016887961	-0.1014044	-0.09179596	0.124361895	-0.07098227	-0.1596962	0.09075405	-0.043834586	0.092889935	0.06647536	0.09250084	0.07254235	-0.063604765	0.1003103	-0.12370039	-0.1362799
-0.07687669	-0.11498367	-0.05208707	0.116654105	-0.06978405	-0.059755698	0.1040048	-0.041396856	0.0758037	0.072253786	0.109590985	0.1025612	-0.08177466	0.1045633	-0.040203422	-0.034055743
0.14363346	-0.19052793	-0.1732025	0.11178519	-0.10878555	-0.13925992	-0.0012911371	-0.08810126	0.15192343	0.07600999	0.18605606	0.0071636667	-0.0637138	0.115978405	-0.063315585	-0.0053851875
-0.024429573	0.13959913	0.11013556	-0.12772347	0.21885236	0.16324073	-0.053905904	0.13492392	-0.17187385	-0.114110835	-0.20496665	-0.14094378	0.18744937	-0.118680574	0.113344	0.079068534
0.0292076	0.09022952	0.098673254	-0.21214806	0.16973746	0.08446351	-0.1424853	0.03993274	-0.15545855	-0.12283976	-0.18631221	-0.07450303	0.07881421	-0.10506671	0.14649577	0.07658927
0.03680795	0.10539868	0.09152639	-0.09257511	0.124990225	0.055458672	-0.006749176	-0.0051262453	-0.087157	-0.05796263	-0.07083313	0.0019648892	0.055912778	-0.10415962	0.07458964	0.027580364
0.016271481	-0.044320002	-0.059096612	-0.014503682	-0.06931386	-0.026679756	0.0107463	-0.07317752	0.028941663	0.07705138	-0.05206566	0.04835842	-0.023583785	0.01816093	-0.034793742	0.013796579
0.08919034	-0.031697795	0.06758939	-0.051701363	0.07810547	0.0024335203	-0.030315703	0.051252816	-0.035026923	-0.022174608	-0.0601608	0.0143865	0.0024925238	0.0013688172	0.041068576	-0.02115749
-0.03268919	0.10426657	0.05508575	-0.049843226	0.09397637	0.08648711	0.017521366	-0.010838615	-0.08672519	-0.04471754	-0.11049572	0.044107575	0.072574295	-0.08478879	0.078286365	0.030713806
0.07879083	0.05894821	-0.01125864	-0.080244556	0.0649429	0.03967165	-0.038368266	0.10758182	-0.08411793	-0.06250777	-0.100357935	-0.013331568	0.027574852	-0.053370222	0.026631946	0.028728027
0.03531237	0.057487536	0.09254141	-0.008997479	0.07704217	0.06387943	-0.04726353	0.14480999	-0.017125696	-0.0550868	-0.014674427	-0.04577533	0.048280854	-0.0060243364	0.08495404	0.055719286
0.12008381	-0.07795295	-0.10921423	0.11559534	-0.08278344	-0.103717	0.021550018	-0.13255498	0.10240638	0.0008238008	0.08103304	0.020977901	0.01040823	0.039470818	-0.03738819	-0.060531616
0.1371406	-0.03913751	-0.07572678	0.07932954	-0.030133748	-0.12231583	-0.02214461	0.036346965	0.028679505	0.05166887	0.030894462	-0.06099818	-0.009230031	0.0643522	0.0364871	0.10497663
0.07896361	-0.3140359	-0.24444425	0.36249286	-0.33006832	-0.24520148	0.0629769	-0.27201825	0.27237415	0.2887714	0.34588853	0.090739995	-0.17832428	0.26067406	-0.2835081	-0.06805347
0.04263869	-0.2055384	-0.17383634	0.16388744	-0.13613796	-0.2032636	-0.020456608	-0.07598423	0.19156395	0.04792224	0.16050626	0.02713896	-0.15879917	0.18112037	-0.07827867	-0.1348216
0.056787603	0.07468952	0.09204031	-0.050816387	0.05254251	0.053266276	-0.050911933	0.01915222	-0.09833068	-0.07871584	-0.05648029	-0.0010183181	0.05453785	-0.053032488	0.14272211	-0.02066512
0.13178599	0.080506735	0.11927106	-0.17876713	0.10258683	0.10517612	-0.123177834	0.15759937	-0.119822815	-0.10905171	-0.1616435	-0.10240898	0.1156317	-0.11368194	0.18009542	0.0518283
0.0031859695	0.038625196	-0.078812145	0.043104243	-0.07140337	0.03109433	0.053274687	-0.068002336	0.06816438	0.11066826	0.047849048	0.080487736	0.050457772	0.016369544	0.037243646	-0.0031029594
0.055997822	-0.024490738	-0.019513614	-0.016913274	0.0691592	0.0060395687	-0.012088243	0.008135901	0.008440579	-0.067866065	0.021794207	-0.035760056	-0.01922337	0.0035525975	-0.0020354888	0.01562173
-0.020862723	0.057572998	0.04642275	-0.12002329	0.115782134	0.07446857	-0.13104329	0.044930417	-0.09182293	-0.005933641	-0.09650861	0.03090945	0.10543516	-0.029958002	0.096370354	0.048398204
0.04193083	0.037562214	0.09405945	-0.0990536	0.0417459	0.05615623	-0.12409354	0.030741269	-0.034100074	-0.039709046	-0.09624257	-0.037507422	0.029930549	-0.09321199	0.1284666	-0.0068784575
0.09351051	-0.095976986	-0.15390378	0.17418598	-0.06669969	-0.15602617	0.02332521	-0.11225889	0.17530492	0.037454147	0.15845431	0.021861546	-0.06740293	0.14915277	-0.11195464	-0.05952897
-0.09646223	-0.021915972	0.023448877	0.056761067	-0.05977362	-0.012129753	-0.02055869	-0.030028239	0.06457568	0.12878925	0.09585379	0.056341957	-0.0867892	0.06523004	-0.05415905	-0.10687318
-0.041600145	0.00643199	0.0587803	-0.033335812	0.0101074	0.06968627	-0.007270958	0.014726436	-0.09271883	-0.07942531	-0.031387635	0.0087765325	0.019343508	-0.05714497	0.04255849	-0.06279642
0.0016178166	-0.0118357055	0.04532886	0.033126056	0.08790981	-0.0008147582	0.03202239	0.014470535	-0.0059593325	-0.0031193674	0.027145097	-0.054209244	0.0015541759	-0.05346873	-0.028523272	0.014654568
0.096702985	0.12769271	0.1450868	-0.2003784	0.18894161	0.15374021	-0.064586446	0.14862683	-0.17087343	-0.08845812	-0.17325363	-0.1436099	0.056323744	-0.10366651	0.08967208	0.11592566
0.07133266	0.071622066	0.048060466	-0.022650694	-0.008849794	0.06690976	-0.012398557	-0.059238218	-0.0075550256	-0.06019949	-0.07074183	-0.044946473	-0.0037320936	-0.037013434	0.022822801	-0.0341368
0.054807004	0.14967401	0.08858854	-0.14421745	0.16602197	0.03639221	-0.051907	0.09485522	-0.14558722	-0.11353118	-0.07608102	-0.059533156	0.092542	-0.121716715	0.12447832	0.13513416
-0.032188255	-0.025672652	0.037332937	-0.0942582	0.034157474	0.03165142	-0.035616834	0.029319018	-0.0499932	-0.0051433304	-0.00029390724	-0.035159837	0.049889497	-0.061781064	-0.0016928996	0.041162428
0.06735809	-0.035083994	-0.079682715	0.083623685	-0.016854303	-0.027033266	-0.061820354	0.001585816	-0.021363558	-0.00045031885	-0.04307387	-0.04839567	-0.015391222	0.030619351	0.04122851	0.07423282
0.01735228	0.0533222	0.023029402	-0.09658444	0.11105886	0.07369356	0.038319767	0.0013886353	-0.11602506	-0.034460038	-0.10365231	-0.062276516	0.020802151	-0.022531427	0.08989453	0.07188217
0.09914144	0.05739992	0.028579818	-0.103591554	0.13535315	0.062768616	-0.058644906	0.07792434	-0.14335115	-0.11930459	-0.11279376	-0.022288322	0.13777946	-0.09698186	0.08971658	0.08452036
0.0077013043	-0.17958692	-0.10001814	0.12595879	-0.113366455	-0.16933669	0.13534848	-0.07768626	0.17436884	0.08691142	0.16666533	0.032793637	-0.15914644	0.1949697	-0.1771415	-0.057026323
0.040328573	0.08418337	0.07543128	-0.2091237	0.09709045	0.10956445	-0.10920189	0.062450748	-0.14230523	-0.12760055	-0.1417922	-0.039476592	-0.0072116912	-0.09212402	0.09916394	0.021595947
0.082301185	-0.009376367	0.027467927	-0.009912061	0.057866354	0.05432006	0.0004095721	-0.007642554	-0.03457484	0.00025654235	-0.029245988	-0.018233465	0.03895909	-0.045324925	0.0362918	0.04039781
0.090934694	0.0033451119	0.0650793	-0.08483922	0.10570145	0.024404969	0.018617732	-0.014007324	-0.15224105	-0.045696933	-0.08405589	-0.10648655	0.047958095	-0.11822615	0.1255243	0.057182528
0.01747215	0.28879255	0.2634492	-0.37581313	0.35357147	0.32859775	-0.1577249	0.2276786	-0.35874555	-0.31971806	-0.32173273	-0.16416053	0.2081371	-0.28735656	0.36888123	0.13119286
-0.021945162	-0.04569911	-0.030172234	0.057929467	-0.010286385	0.020623224	0.039133865	-0.041701	0.08792169	-0.0056456323	0.099767976	-0.06458468	-0.06926204	0.06606441	-0.058773536	0.0062037385
-0.0371195	-0.13446213	-0.05515233	0.18437567	-0.1976302	-0.01924576	0.02744427	-0.071652025	0.14470577	0.14434993	0.19278549	0.083441	-0.07682138	0.11827512	-0.12025119	-0.04805467
0.061924934	0.008744908	0.0315786	-0.014324813	0.081403114	0.08632223	-0.049000308	0.08815321	-0.021811793	-0.062897146	-0.007016234	-0.0739981	-0.045995384	-0.0038618054	0.079197355	-0.014438826
0.023759633	-0.03710465	-0.013319435	0.12360574	0.0030738339	-0.028473252	0.043942142	-0.0057136756	0.09117567	0.031585854	0.042738438	0.08366766	-0.015652917	0.06940077	0.008671397	0.00816002
0.026464783	0.16310008	0.09020778	-0.17671277	0.14930207	0.12402441	-0.0014028206	0.14005223	-0.13197574	-0.100726776	-0.15282339	-0.08252926	0.08994248	-0.18298848	0.19743088	0.029516561
0.02275031	0.11503554	0.07526477	-0.105281256	0.07077064	0.10144911	-0.042082798	0.073619574	-0.09934795	-0.055879444	-0.0775271	-0.035889234	0.06672018	-0.10870987	0.14164396	0.02735613
0.092823155	0.08007048	0.022144932	-0.1262332	0.090925045	0.07073812	-0.055316076	0.03643429	-0.056411114	-0.08922428	-0.04578192	-0.032568384	0.020016944	-0.06158248	0.15145305	0.042175494
0.08666071	0.14434588	0.074498825	-0.13420054	0.09454391	0.11665075	0.042136047	0.10579193	-0.12371697	-0.088947676	-0.14439212	0.009513314	0.08505446	-0.13907535	0.17336771	0.09306918
-0.04893182	-0.0135406405	0.053299587	-0.08962432	0.031540666	0.043133732	-0.07461608	0.04973406	-0.012336553	0.005869381	-0.01908746	0.032740634	0.060523804	-0.07106317	0.08048773	0.031839002
0.13850565	0.041707568	0.035522085	0.046540193	0.0674993	0.029078156	-0.032669622	-0.0038037498	-0.013468048	-0.015661528	0.010474696	-0.077798694	0.01120269	0.03502714	0.009147958	0.03364856
0.09871759	0.12522587	0.16929094	-0.1340832	0.18319012	0.09821898	-0.12949383	0.12561114	-0.18401696	-0.19239064	-0.23092528	-0.110369734	0.17210661	-0.1658286	0.23823322	0.1195886
-0.024024589	-0.32617772	-0.19332959	0.37358135	-0.2713413	-0.28067756	0.027163442	-0.14418662	0.26583472	0.2568591	0.3266686	0.051389705	-0.232907	0.2973457	-0.2399257	-0.13191645
0.034432594	-0.02347095	-0.06208646	0.05789845	-0.12868646	-0.01575376	0.019808212	-0.010823224	0.03989612	0.11719545	0.043929074	0.0049786116	-0.00081266876	0.041207243	-0.060867846	-0.07144693
0.039215483	-0.18309565	-0.11323664	0.062223636	-0.035680044	-0.16922209	0.08078164	-0.10609717	0.14521542	0.08383767	0.11362071	0.0010262225	-0.121607065	0.09620579	-0.033401154	-0.15245676
0.026458295	0.090070635	0.096250735	-0.0947921	0.10464456	0.0905629	-0.00828632	0.058087822	-0.08491752	-0.14727838	-0.15198426	-0.109474875	0.05105751	-0.079409935	0.08116928	-0.007102422
0.027818708	0.12469699	0.08787257	-0.15772736	0.14619386	0.13544364	-0.085219815	0.07553125	-0.15565425	-0.13372864	-0.07934691	-0.025508191	0.101281255	-0.1516607	0.14496179	0.01336567
-0.053985573	0.15011793	0.11174819	-0.27000743	0.13810445	0.17715372	-0.0916235	0.080711424	-0.1828585	-0.11338468	-0.20877819	-0.052818283	0.15578833	-0.20627153	0.21973445	0.111087695
0.05854584	0.1090219	0.10390012	-0.11366269	0.14008261	0.0465011	-0.015875528	0.057562504	-0.12251776	-0.07029158	-0.07618644	-0.1512888	0.0736144	-0.16053723	0.08620508	0.08908937
-0.03608251	-0.1278087	-0.10350936	0.16432816	-0.08707409	-0.15998709	0.036397476	-0.06923606	0.1317488	0.15597959	0.15684703	-0.002610411	-0.07553733	0.16425212	-0.16600543	-0.035437167
-0.012417409	0.060178358	0.09463792	-0.08630878	0.08828006	0.09246816	0.04086594	0.029572073	-0.08754922	-0.05067228	-0.15762655	-0.04294722	-0.035266932	-0.10146408	0.10663018	0.021049766
0.108887255	-0.077008314	-0.121352315	0.04853202	-0.049924936	-0.10390168	-0.024864929	0.034470424	0.038054455	0.05459214	-0.012039214	0.045450043	-0.06313606	0.015006853	-0.011634407	0.013850073
-0.06601014	-0.15431571	-0.04065099	0.10557857	-0.080586426	-0.11086297	0.039219137	-0.112965606	0.06280447	0.09984524	0.08066506	0.01886276	-0.073986664	0.11907817	-0.13292159	-0.061604153
-0.033025995	-0.11844505	-0.089227825	0.087120965	-0.08762908	-0.0061990004	-0.007124578	-0.051885173	0.059502162	0.08586282	0.11903512	0.07836493	-0.12059169	0.114951305	-0.06211902	-0.042815696
0.076622754	-0.1789414	-0.1334575	0.17559177	-0.078613214	-0.2123348	-0.016045885	-0.1122025	0.19092482	0.1023341	0.18280078	0.028385343	-0.08651124	0.19748798	-0.106200114	0.0029165605
-0.18061428	-0.07391565	0.055853542	-0.019551767	-0.108679235	0.02172922	0.056230463	-0.03796303	0.049447484	0.033330984	0.08336994	0.058115546	-0.07424471	-0.0049524377	-0.08682163	-0.05251296
0.09265104	-0.08875657	-0.06331151	0.10528588	-0.04076474	-0.09912537	-0.018066958	-0.06886143	0.10234909	0.0881164	0.060309105	0.082712606	-0.006309686	0.14514142	-0.034475278	-0.014031907
0.07075997	0.08270142	0.037730984	-0.088431865	0.11351155	0.025316807	-0.042255517	0.05301873	-0.08353878	-0.09405346	-0.105424285	-0.11187708	0.13789876	-0.13822542	0.16503453	0.090864636
-0.14750728	-0.10658658	-0.048922036	0.020642012	-0.0905866	0.031290874	0.016424006	0.013447126	0.05549793	0.07011551	0.09368609	0.009031238	-0.08984611	0.055187073	-0.034307044	-0.02096392
0.033146482	-0.02265701	-0.075353496	0.027530381	-0.028037714	-0.04507617	-0.020591848	-0.054596804	0.027203558	-0.009338569	0.013420597	-0.10284017	-0.018950697	0.083290465	-0.051274847	-0.04738825
0.02171357	-0.18794252	-0.14989905	0.11034987	-0.175531	-0.15909743	-0.020706322	-0.11644221	0.09896194	0.0813999	0.07540648	0.1059592	-0.120801724	0.10284459	-0.104710296	-0.15839928
-0.022771934	-0.05254944	-0.045252062	0.07592913	-0.056695547	-0.060459122	0.017278833	0.01784305	0.03102472	0.008681994	0.08964593	-0.030290222	0.02008728	0.044182695	-0.051567923	0.02431933
0.026238602	-0.088525206	-0.1149044	0.15133044	-0.14349835	-0.1300255	0.12351139	-0.05300907	0.15711759	0.10227731	0.05155938	0.11558479	-0.16118021	0.17260963	-0.06876049	-0.06560214
0.15927485	0.2615025	0.12503573	-0.2914048	0.25297824	0.21914202	-0.11613331	0.19098963	-0.19569904	-0.17193815	-0.24990419	-0.12272678	0.12913968	-0.23188329	0.23300001	0.062360905
0.071154304	0.16612038	0.10809702	-0.16614017	0.17853694	0.09884987	-0.084740035	0.1584916	-0.0921963	-0.0631541	-0.15929373	-0.111583106	0.14127037	-0.09435397	0.15324683	0.120192386
0.00039117382	0.0064281244	-0.005383755	-0.02421652	-0.037892185	-0.06581471	-0.018017216	0.0033927758	0.022687107	0.032199454	0.06696391	-0.04370903	0.009480434	0.027655069	-0.008243521	-0.026173627
-0.057284933	-0.077454455	0.005706631	0.06460978	-0.07873463	-0.013662726	0.07560009	-0.06955868	0.071311384	0.07330843	0.035913546	0.06922581	-0.059945043	-0.04207551	-0.04871317	-0.042313635
0.0673687	0.22673766	0.10851071	-0.21101259	0.25310776	0.14047655	-0.14203647	0.114965536	-0.22091563	-0.19812173	-0.20655233	-0.09013581	0.13120323	-0.23373367	0.21063137	0.15557386
0.106971115	-0.09177512	-0.08133969	0.056900654	-0.13749807	-0.088195845	0.039166372	-0.12291495	0.05525015	0.14680427	0.05483663	-0.034502845	-0.05716822	0.1370869	-0.059315328	-0.03613367
-0.0066269455	-0.051987857	-0.11312469	0.0572496	-0.05625586	-0.058265347	0.0080958	-0.029392915	0.06975109	0.12577066	0.15071654	-0.02574492	-0.023699496	0.062761836	-0.0979685	0.027277803
0.037046116	0.19970079	0.13867968	-0.19486156	0.1983949	0.16905713	-0.08979388	0.1007302	-0.17223899	-0.06301918	-0.18779354	-0.062289745	0.11289601	-0.13902545	0.1718942	0.10478486
0.10557055	-0.06268174	-0.12243218	0.0889766	-0.008707474	-0.052269395	0.011462425	-0.030294077	0.09546825	0.025712766	0.1391423	-0.03306997	0.009180205	0.046956595	-0.11301142	-0.03782993
0.021571768	-0.20750736	-0.15149432	0.23002492	-0.21508811	-0.16724673	0.098661445	-0.1908075	0.18844402	0.1767391	0.2459892	0.07190084	-0.2097651	0.21821283	-0.19851421	-0.09051367
0.0014128841	0.055699315	0.0505508	-0.07759071	0.038784787	0.0018607868	-0.11685337	-0.021811094	-0.06423866	-0.055073623	-0.08572175	0.031980924	0.09687598	-0.08411846	0.011640208	0.13322794
0.10280323	0.26869568	0.22996894	-0.3467642	0.3334189	0.23370768	-0.09953892	0.14914535	-0.28693622	-0.29369307	-0.32413852	-0.064181864	0.17202689	-0.2361414	0.25584036	0.112317756
-0.022645809	0.098787315	0.14438462	-0.17527167	0.17799878	0.12995379	-0.12878509	0.11540891	-0.10867581	-0.111834474	-0.19272736	-0.084068865	0.10309376	-0.17282842	0.15149383	0.12137057
0.034081694	0.106235035	0.10516444	-0.10550733	0.13776356	0.049127378	0.0068535237	0.056927506	-0.13668916	-0.09107819	-0.15887757	-0.10229728	0.08403417	-0.142937	0.12974033	0.08387949
0.040254902	0.22106007	0.219842	-0.2615396	0.24429299	0.22113971	-0.12593177	0.11487179	-0.23974682	-0.17578286	-0.2566998	-0.039237276	0.15918697	-0.28722942	0.2719107	0.07680738
-0.048763406	0.031679604	0.08127552	-0.13703234	0.06610655	0.12969251	-0.057981726	0.09527505	-0.118100844	-0.055165626	-0.07670265	-0.04808484	0.06968933	-0.050956428	0.049492143	0.058296837
0.07620275	0.07309641	0.031554293	-0.11732604	0.12086907	0.12933119	-0.065930605	0.074200615	-0.08212474	-0.09222385	-0.09429145	-0.08487494	0.10010406	-0.08176023	0.12418045	0.06528956
-0.012844768	0.09902057	0.08551964	-0.19818087	0.16566177	0.17190096	-0.06417109	0.072312176	-0.19578302	-0.13934669	-0.20302184	-0.013648313	0.09860725	-0.20607693	0.16247293	0.08650102
0.067355864	0.0055479887	-0.038701598	0.030608704	-0.032150157	-0.043797154	0.016935946	-0.0065697767	0.03700968	0.04097722	-0.0016080042	0.06526297	0.01781236	0.04197529	-0.0036332204	0.021745037
0.09119331	0.18168534	0.08149817	-0.15256236	0.1473312	0.13265549	-0.09079509	0.062201332	-0.14000301	-0.14515951	-0.11816719	-0.105178595	0.09948017	-0.16179846	0.20495656	0.082656294
0.076758064	0.12862615	0.09091172	-0.111794546	0.06737275	0.038032584	-0.020000014	0.044329356	-0.047015708	-0.07194127	-0.087970816	-0.11469133	0.06851943	-0.087728456	0.14198834	0.013566931
0.06469274	0.24502523	0.19100024	-0.2601192	0.2711737	0.21965563	-0.10539394	0.20208953	-0.29004276	-0.24281412	-0.32657096	-0.08160259	0.25143635	-0.2464803	0.32523674	0.16488859
-0.0035213986	-0.19100115	-0.1800019	0.22511978	-0.19224948	-0.13897969	0.03863753	-0.08793673	0.11771076	0.07191947	0.18521737	0.07309402	-0.16747442	0.16546036	-0.18873173	-0.071425654
0.0110458275	0.08196725	-0.017223168	-0.061505843	0.02155111	0.025374994	-0.0021473353	0.042908344	-0.025230236	-0.10243128	-0.03498857	-0.0051087304	-0.03741488	-0.049848083	0.004822138	0.032269333
0.12294083	0.069366634	0.013997686	-0.056491904	0.040188022	-0.0035645447	-0.041604128	0.018946871	-0.0046676053	-0.07779218	-0.0787487	-0.019713294	0.038443238	-0.07111497	0.038512994	0.08199384
0.10990751	-0.12517881	-0.13139991	0.10868477	-0.09766582	-0.0813221	0.009254321	-0.07410244	0.11498524	0.06002666	0.10388846	-0.011477647	-0.046867307	0.14706948	-0.027608348	0.014322123
-0.054021552	0.074673705	0.15071794	-0.11447435	0.047354314	0.11069394	-0.060478833	0.06665137	-0.054249614	-0.07900137	-0.12964265	-0.11416847	0.07946191	-0.12609199	-0.013279838	-0.047004353
-0.0698654	-0.09025053	-0.056275863	0.10726071	-0.08426105	-0.085050635	0.0016494188	-0.093427345	0.06614197	0.091232374	0.11180333	0.034964547	-0.14013265	0.08626364	-0.117002875	-0.11901814
0.039745107	-0.106667794	-0.13669136	0.08085029	-0.057522655	-0.11789271	-0.051294994	-0.10924225	0.08354613	0.05960245	0.107764885	0.015729215	-0.11339882	0.096792	-0.0928716	-0.026131714
0.010460107	0.023763988	-0.030497694	-0.02640025	0.10167749	-0.023564436	-0.004062784	0.037618365	0.010258809	-0.017122168	-0.06299601	-0.033563	0.019481862	-0.02531218	0.089350425	0.037405543
-0.030609192	0.008705817	-0.004813127	-0.048647	0.044689745	-0.0071471767	-0.037149932	-0.017890502	0.039681748	-0.025501927	0.018375212	0.015983561	0.025577366	0.043678056	0.015372692	-0.021013029
-0.05646638	0.25243065	0.20028342	-0.2828001	0.24422789	0.17510088	-0.13391694	0.1997976	-0.28076282	-0.13195267	-0.21156773	-0.04881727	0.19941068	-0.22591083	0.21940689	0.1564664
0.06556687	-0.032958318	-0.057578277	0.042873718	0.004565525	-0.022802848	-0.04452446	0.036427565	0.03517767	-0.05087767	-0.06131434	0.026801992	-0.002183353	0.09631841	0.018851563	0.025617952
0.10122404	-0.02208239	-0.053307645	0.013430901	-0.034535293	-0.06780792	0.10922944	-0.046579596	0.031602953	0.035915244	0.029666148	0.0027673377	0.010144883	0.021328088	0.017218294	0.031668574
0.07129983	-0.024087945	0.023952313	0.03718694	0.08051301	-0.060596123	0.0011565401	0.036091566	-0.054948993	-0.041478958	-0.0403702	-0.034404084	-0.020821247	-0.012900921	-0.0039065606	-0.036900558
0.03676842	0.04197973	0.042582307	-0.0783847	0.069856346	0.098974206	-0.08251556	0.027514236	-0.10026925	-0.037556674	-0.10713227	-0.037108947	0.08614511	-0.076848865	0.11046195	0.02195444
0.012011258	-0.1115975	-0.05311727	0.110565975	-0.11173532	-0.036276255	0.03288764	-0.09802524	0.14600098	0.0033226386	0.07024385	0.09033397	-0.06600009	0.09803977	-0.04309924	-0.04098507
0.08423723	-0.028381353	-0.08021347	-0.022192132	0.052824743	-0.05688826	0.032206833	-0.013520123	0.047575396	-0.016060207	0.02342312	0.031583376	0.03915483	0.012935351	0.0053080246	-0.0050369054
0.038308106	-0.093942605	-0.1997454	0.14496826	-0.14245795	-0.06444319	0.08745073	-0.07214867	0.16985111	0.07153333	0.09805717	0.13698253	-0.059909277	0.1138733	-0.09328947	-0.056824517
0.06462477	-0.050473202	-0.01402474	-0.06131547	0.013315383	-0.021103164	-0.015419515	-0.057725944	0.06786573	-0.014959457	0.009068076	0.04086955	0.00089322473	0.020142097	0.024173547	-0.025538366
-0.07519151	0.0934456	0.075013876	-0.047901865	0.04261223	0.0754984	-0.0235432	0.07095787	-0.116057396	-0.07113981	-0.11247401	-0.06678063	0.10841279	-0.1307535	0.03218158	0.031946544
-0.012217571	-0.20993322	-0.21624506	0.17213793	-0.16278204	-0.14471477	0.11627407	-0.18681103	0.2688329	0.13502213	0.19623172	0.07587584	-0.08599326	0.13886045	-0.13524443	-0.054785434
0.05351056	0.17330167	0.15692727	-0.18835971	0.27220455	0.11768464	-0.07134424	0.10640856	-0.1883103	-0.2519556	-0.17204472	-0.023983588	0.14937165	-0.21069132	0.24168736	0.06575611
0.0479389	-0.2293186	-0.18814312	0.25687677	-0.2467326	-0.274756	0.07569101	-0.117199294	0.24175996	0.1758592	0.22723946	0.06196099	-0.17727837	0.30611905	-0.1863121	-0.08739224
0.042873025	-0.18227161	-0.22912587	0.19123685	-0.11489186	-0.14821228	0.03787223	-0.1505998	0.24343675	0.10267553	0.18506189	0.0030197545	-0.07363263	0.21248378	-0.07608157	0.0007255753
0.0067499755	0.018698707	-0.047814045	-0.041140754	-0.03666937	0.020298833	0.06956829	-0.096050344	-0.0036857377	0.06383106	0.014623756	-0.014099871	-0.024194006	-0.046963673	-0.0056197983	-0.0061203167
0.029428193	0.0407043	0.032531776	0.009470304	-0.047882017	0.012641357	0.011228741	-0.021342423	0.0028048954	-0.039630044	-0.048041195	-0.022897841	0.0138975335	-0.002567019	-0.005563129	0.0008076653
0.07225524	0.11256001	0.09654349	-0.134487	0.13007355	0.05139152	-0.095918074	0.022207178	-0.16112098	-0.11275241	-0.1222251	-0.0719759	0.13955593	-0.08793626	0.10313411	0.0909396
-0.0005273735	0.04396896	-0.009479641	-0.08847921	0.046642262	0.0027384018	-0.015249678	0.0025768387	-0.035606142	0.010662203	-0.027546715	0.07059715	0.030308293	-0.09546847	0.095684886	0.029462446
0.07913634	0.0066309855	0.0071289022	0.0057188156	0.08111231	-0.011086897	-0.0050516943	0.03516191	-0.013263344	-0.0042143725	0.033587143	-0.03549796	0.041976713	-0.039261065	0.08399967	-0.042061966
0.10114445	0.24120119	0.19093129	-0.25039086	0.21301529	0.1818858	-0.15320154	0.15870681	-0.22844134	-0.15993714	-0.21057506	-0.122074984	0.22705634	-0.2181462	0.1969141	0.083828434
0.04846295	0.14178203	0.12588683	-0.13622892	0.17280653	0.14569901	-0.0803524	0.14386812	-0.1256644	-0.14593202	-0.2220595	-0.02691334	0.07984316	-0.11400108	0.117993906	0.029697867
0.05041465	0.1542778	0.16598259	-0.25006413	0.13430353	0.18119791	-0.031271484	0.06985474	-0.15787815	-0.081701875	-0.23681432	-0.10713829	0.09513413	-0.15198936	0.21194325	0.068852104
0.018509803	0.12251559	0.14369142	-0.11110787	0.13354005	0.0633753	-0.07789574	0.07664113	-0.14158621	-0.14507675	-0.16540936	-0.08576912	0.07947587	-0.07672913	0.09458406	0.0027003174
0.013207607	-0.045676194	-0.029533135	0.13842471	-0.00977902	-0.13118918	0.04371046	0.006838339	0.085751556	0.032053467	0.06211913	0.07789811	0.0072008884	0.09078132	-0.017151296	0.00079092366
0.047699932	-0.19668813	-0.20018508	0.31002778	-0.22636335	-0.2640349	0.059025213	-0.19433324	0.27616546	0.14716049	0.24786353	0.0713449	-0.14990197	0.30407146	-0.18044072	-0.14276743
0.06629657	0.13577262	0.06954685	-0.17006624	0.1066369	0.095159866	-0.012950353	0.060673032	-0.11682587	-0.15878643	-0.17342469	-0.046491865	0.10445565	-0.11236654	0.20678474	0.042806514
0.0691848	0.20163797	0.15391976	-0.28792515	0.28365716	0.23365414	-0.11723672	0.19349727	-0.27727294	-0.21735005	-0.2624663	-0.14803874	0.17117308	-0.20963319	0.2655479	0.05614221
0.009231076	-0.11229192	-0.09202264	0.14660573	-0.15823457	-0.0793689	-0.027468648	-0.0783835	0.06473447	0.15986946	0.0822803	0.053069096	-0.10001992	0.096938334	-0.062340114	-0.014874942
-0.0011416116	0.28330997	0.23320284	-0.27710372	0.27417922	0.24401107	-0.047076076	0.23183902	-0.3266674	-0.2609099	-0.35179764	-0.059024222	0.19025509	-0.3169918	0.27325365	0.12142445
-0.0037716571	0.22725391	0.29407173	-0.28461117	0.23824765	0.25057212	-0.08701995	0.23595649	-0.23327634	-0.26320395	-0.2897384	-0.17600693	0.17510098	-0.2639663	0.26546928	0.14692552
0.064841405	-0.045117773	-0.07371999	0.044456374	-0.037471764	-0.099778116	-0.09586042	0.020245219	0.037375517	0.027085193	0.031711552	-0.027510596	0.016889714	0.08549862	0.008586584	-0.024137748
0.0054829423	0.11999997	0.060310148	-0.12406587	0.101566486	0.11054115	-0.0448651	0.070671886	-0.1251781	-0.14563772	-0.04622569	-0.089232534	0.055288892	-0.10668055	0.13599999	0.10740288
0.025278935	0.11075091	0.14850275	-0.15752307	0.14937256	0.06253171	-0.07180435	0.07828351	-0.11917169	-0.059346892	-0.0953068	-0.11597367	0.14780943	-0.060723934	0.09110491	0.12435562
0.029359406	0.0048414622	0.040028706	0.040334687	0.03567584	0.044557463	-0.07207473	0.0622844	-0.047097895	0.015026837	-0.03976218	0.005862849	0.032067046	0.002391051	0.03092691	0.013093524
0.11032179	-0.04753461	-0.02185319	0.09179473	-0.081340834	-0.07122649	-0.049934193	0.043973897	0.08400772	0.044238705	0.027098626	0.018237395	0.0005996614	0.08805048	0.02798995	-0.02680905
0.05474249	-0.14290994	-0.13210699	0.088822715	-0.08404026	-0.112211525	0.07850976	-0.13557282	0.15247725	0.11116445	0.16249818	0.05395432	-0.053822402	0.10632631	-0.09676584	-0.042732414
0.13095824	0.06579132	-0.024564287	-0.00927755	0.07226066	0.07454419	-0.11961845	0.01130192	-0.036267854	-0.11792479	-0.067519635	-0.037630707	0.0863178	-0.028071538	0.042565536	0.0465893
0.03284509	0.17945473	0.14405505	-0.2140571	0.21956603	0.13406026	-0.09112621	0.12379705	-0.18526454	-0.13764375	-0.17000718	0.009172762	0.11549256	-0.17497246	0.21583213	0.035470188
-0.11836992	0.18451303	0.22492187	-0.17267187	0.15804285	0.15095802	-0.092194766	0.12022995	-0.13462205	-0.19039309	-0.12938023	0.036387652	0.13167948	-0.12717016	0.22297026	0.1377807
0.031632002	0.009074943	0.03593002	0.023385067	0.0055484977	-0.01907305	-0.03755024	-0.013462464	0.002026187	0.03794786	0.064096294	-0.06565409	0.024223333	0.0093190605	-0.041829288	-0.017451104
-0.025049765	-0.2332597	-0.2672385	0.232032	-0.22293642	-0.20321377	0.11126761	-0.1852448	0.25506136	0.14687854	0.20375411	0.1208265	-0.09872369	0.22331278	-0.20962903	-0.027531067
0.009918854	-0.07218064	-0.057771925	0.04571944	-0.048509058	-0.008393557	-0.05475964	0.015916478	0.079607144	0.0005029157	0.0026816956	-0.018977828	-0.027256643	0.06333519	0.01573453	0.0004657829
-0.033086628	-0.023649478	-0.14344579	0.034175772	-0.010446098	-0.037636142	-0.0067306277	-0.053638015	0.11125679	0.031029759	-0.004146729	-0.0011403568	-0.0031141667	0.057271052	-0.017111182	-0.012365124
-0.015655316	0.077406436	0.027032416	-0.05673808	0.031631432	0.04735631	-0.09198531	0.022062784	-0.11332151	-0.108983375	-0.08459423	-0.06200198	0.039063215	-0.03834225	0.02951281	0.01567182
0.077677846	-0.01802032	0.037770532	-0.016896911	0.04151192	-0.0073120017	-0.06511216	0.02418563	-0.058086768	0.030343773	-0.05078167	0.057606623	0.033494364	0.0020758868	0.028245226	0.00372859
-0.06957509	-0.15296784	-0.06324527	0.18247655	-0.19301143	-0.07223292	0.09036632	-0.12828204	0.15540121	0.096404925	0.17746787	0.07045644	-0.107244805	0.17411815	-0.10117751	-0.043732755
0.092017725	0.24312064	0.1705747	-0.18644466	0.22876333	0.1883676	-0.078010395	0.102712005	-0.2618247	-0.15970753	-0.2843394	-0.047931895	0.12734634	-0.18452388	0.18257709	0.04915202
-0.007149483	0.07527045	-0.00020227904	-0.04595799	0.02060463	0.108203754	0.0001709936	0.008028732	-0.004509312	-0.10485842	-0.07083832	-0.022605194	0.017780514	-0.06487605	0.011886466	0.02066158
0.03210631	0.18636753	0.19375817	-0.20543814	0.20760918	0.17870128	-0.14834546	0.19493732	-0.21404202	-0.25511464	-0.23439391	-0.042008825	0.14973952	-0.23136851	0.20729055	0.15124647
0.012550525	0.13856618	0.08750469	-0.15016858	0.1671367	0.17134015	-0.030182209	0.026549296	-0.09348191	-0.10755508	-0.18121429	-0.025880236	0.14374451	-0.1781498	0.09190853	0.04899764
0.109138295	0.09398884	0.109146014	-0.14591452	0.107043825	0.09805925	-0.085012026	0.10675576	-0.11889	-0.14452077	-0.14925565	-0.043943826	0.062581636	-0.13423797	0.121943496	0.09704507
0.025646467	0.25805596	0.15323023	-0.23489705	0.22012062	0.19670817	-0.13040188	0.120977044	-0.20645669	-0.22972116	-0.30023587	-0.100521065	0.21547124	-0.23724827	0.2718606	0.08395954
0.071292706	0.028875075	0.0021138634	-0.02730026	0.018214688	0.04761515	-0.042069823	0.06806567	-0.054581217	-0.06290596	-0.036831975	-0.025411792	0.011612181	-0.027574081	0.07565939	0.0035652707
0.0024521975	-0.10162589	-0.012129178	0.10271815	-0.12493155	-0.05179474	0.0008532872	-0.06553781	0.083258465	0.03365686	0.050667897	0.01953589	-0.034777846	0.06806794	-0.08298601	-0.0030920114
-0.04414004	-0.10833065	-0.1603754	0.13696828	-0.13715231	-0.16907138	0.06777779	-0.11136909	0.12474873	0.09474491	0.11923536	0.08451827	-0.14982347	0.10113918	-0.09714089	-0.09364465
0.022766767	-0.03324114	-0.11543991	0.060670637	-0.023363922	-0.017326789	0.06271483	-0.05400499	0.0367858	0.00031397666	0.06320527	0.038221594	-0.03881721	0.11506248	-0.041784693	-0.000819683
0.06789665	-0.23056404	-0.19477719	0.18442674	-0.23008339	-0.21362117	0.07317348	-0.20192103	0.23078986	0.21479638	0.24609078	0.15549617	-0.18862095	0.24534544	-0.24887972	-0.102957144
0.097009145	-0.08637849	-0.10266074	0.120103315	-0.06106505	-0.12024531	0.018620495	0.0004773452	0.09618837	0.030906972	0.056029554	-0.011385998	-0.0763555	0.0908962	-0.032618728	-0.009722776
0.047043957	-0.01687613	0.02006696	0.024190448	0.023024028	0.031881243	-0.012668793	-0.007818848	0.025320621	0.05462388	-0.022209957	-0.022500694	0.0025293292	-0.053186253	0.011780344	0.051195376
0.023684708	0.066024624	0.1595819	-0.13816068	0.09839163	0.11304712	0.03361319	0.050405353	-0.103045195	-0.046176463	-0.10722282	-0.0046617887	0.03125771	-0.08870475	0.10059241	0.09280594
0.028074639	0.21823981	0.20790297	-0.27462807	0.2603594	0.24842596	-0.11483191	0.09465342	-0.22572084	-0.20924053	-0.2313157	-0.08371302	0.13951267	-0.27453995	0.25865522	0.104144305
-0.061225023	-0.23246254	-0.2688188	0.25055835	-0.23774953	-0.28085166	0.1304839	-0.16031496	0.2255153	0.20629674	0.29556647	0.07872696	-0.19684461	0.27632272	-0.27950382	-0.13791016
0.10451016	0.03939296	0.0050902576	-0.0073333867	-0.034281954	0.009238561	-0.08523822	0.04689264	0.021284392	0.012209545	-0.039010786	-0.030853165	0.029642064	0.029403782	0.054057397	0.04683414
-0.013843572	-0.34695575	-0.27175134	0.3316215	-0.24567536	-0.302616	0.11513176	-0.28392017	0.3238016	0.29249278	0.30067047	0.066493735	-0.22723836	0.26676303	-0.24021165	-0.15540494
0.021573585	-0.27265257	-0.33534798	0.35938984	-0.27521607	-0.3445712	0.11385734	-0.23659597	0.3221187	0.257065	0.35864198	0.13710149	-0.20381944	0.34221512	-0.3271246	-0.19023877
-0.101811066	-0.31771696	-0.17945836	0.26807526	-0.29483715	-0.2237067	0.18601081	-0.22140962	0.2794212	0.21886614	0.27309185	0.090330414	-0.21886155	0.2722945	-0.2801328	-0.12384206
0.07781412	0.2611416	0.2341655	-0.24552487	0.23052143	0.16633326	-0.11871446	0.14630418	-0.26533824	-0.21489726	-0.25337452	-0.12751035	0.21654668	-0.24278678	0.26286522	0.11022355
0.08292489	-0.065577865	-0.0568382	0.05240894	0.006293202	-0.048793446	-0.00054007483	0.046501145	0.046774752	0.008149706	0.044788238	-0.021804895	-0.03438677	0.070713915	0.028626394	0.008093472
0.05447605	0.040894147	0.0060562445	0.010025332	0.07041477	0.080797106	0.04157551	-0.019058947	-0.005163603	-0.06499364	0.0028130189	0.03155707	0.04923702	-0.076000184	0.020787394	0.05680726
-0.027939335	0.080836944	0.05974076	-0.0746924	0.08616518	0.12818709	-0.028476415	0.023733523	-0.080104314	-0.08316525	-0.08584551	-0.0176245	0.13494366	-0.037563827	0.074033454	0.09011278
0.014454562	-0.036451474	-0.030031348	-0.028315809	0.013985255	-0.04715916	-0.10498348	-0.045516394	0.030868232	-0.03352169	-0.005959796	-0.02454482	-0.0044739805	-0.034368403	0.016458426	0.054083124
0.056601696	0.26656458	0.16343772	-0.31659022	0.29746965	0.1687588	-0.07438408	0.18695171	-0.28121468	-0.171494	-0.2692421	-0.13812937	0.13033032	-0.21518016	0.2940177	0.1263215
0.034040265	0.057219483	0.03429426	-0.08440711	0.1012767	0.08961	-0.06726935	0.10280287	-0.14764678	-0.0580158	-0.07250261	0.0078879185	0.038902685	-0.11554023	0.16362923	0.03170213
0.11069214	-0.0035228059	0.036302313	-0.030901665	0.024145085	-0.02182761	-0.10149584	0.066484824	0.021927452	-0.039036732	-0.028326709	0.030067643	0.06457642	-0.022947948	0.028218767	0.030855445
-0.0064249155	0.015344106	-0.05998191	0.060752157	-0.0038093305	-0.059945896	0.049025897	-0.008786677	0.08195347	0.0060627437	0.092997134	-0.027112044	-0.045985557	0.06598168	-0.06068941	0.033679515
0.015984269	0.12831321	0.1314977	-0.16990879	0.136539	0.106821574	-0.12493903	0.09968935	-0.13272664	-0.17149611	-0.13947533	-0.075180985	0.13442719	-0.10905976	0.12777464	0.06059831
0.05806844	0.20754175	0.1485372	-0.30540735	0.27774444	0.20312136	-0.08139918	0.1481457	-0.24213716	-0.18598323	-0.30910617	-0.07760805	0.20124696	-0.24938832	0.21847461	0.12207093
0.14354222	0.008771224	-0.01754302	0.06547733	0.062022526	-0.016432783	-0.034838233	-0.010935938	0.05596413	-0.085162304	0.011834925	-0.08152251	0.018048251	-0.018658465	0.087273955	0.018236749
0.0044599967	0.08052159	0.09389532	-0.14347328	0.1992069	0.090491906	-0.03962556	0.07913939	-0.17090063	-0.13684829	-0.15320784	-0.0492895	0.116179116	-0.17103247	0.14974985	0.121078685
0.13224319	0.2496038	0.18623543	-0.26701653	0.2785297	0.2287163	-0.1392933	0.19918814	-0.27669445	-0.24391304	-0.338607	-0.104096964	0.2047797	-0.27812102	0.2607744	0.12807493
0.10555875	0.12629402	0.20212036	-0.23760463	0.18876374	0.19559664	-0.021318622	0.15392806	-0.21437743	-0.15789956	-0.15948658	-0.110432975	0.17724507	-0.14431418	0.15692861	0.11697191
0.096897386	0.22820865	0.14284813	-0.2213078	0.25376752	0.16560294	-0.06898345	0.1601435	-0.16618583	-0.17180598	-0.25268528	-0.11806941	0.13889027	-0.21550453	0.24164659	0.101467274
0.030709786	-0.15012853	-0.09633521	0.1392192	-0.104432255	-0.070608936	0.023753619	-0.051520173	0.15489613	0.15079017	0.11871194	0.054519005	-0.04698645	0.17066084	-0.11145076	-0.035284333
-0.10189835	-0.08762716	-0.19351752	0.16071633	-0.19670258	-0.10600357	0.116101496	-0.080893464	0.12426394	0.12557681	0.10284482	0.036969014	-0.1557752	0.14395952	-0.19909094	-0.05186135
-0.004730754	-0.15231858	-0.13077803	0.11360737	-0.12095868	-0.18262905	0.14961106	-0.09565376	0.115175754	0.17729639	0.12079718	0.16932239	-0.16481075	0.11263124	-0.16893935	-0.09768278
0.024249021	-0.037627246	-0.13745666	0.170163	-0.014218442	-0.09839828	0.050169665	-0.04012398	0.05238552	0.050986443	0.09883768	0.02061418	0.006711665	0.030012868	-0.058541525	0.034540653
-0.049649145	-0.26249108	-0.19432151	0.3265281	-0.25955436	-0.26875585	0.05430781	-0.14286485	0.26973647	0.21876852	0.31346872	0.109956585	-0.18836242	0.23409759	-0.3082611	-0.13453677
-0.03251299	-0.24877043	-0.2310862	0.28047192	-0.28850183	-0.19414473	0.046569675	-0.124864504	0.21987858	0.19762781	0.28859285	0.02302883	-0.22338028	0.25895905	-0.21646672	-0.06894947
-0.0127996905	-0.2109537	-0.16971216	0.17692712	-0.20099515	-0.14108814	0.03459475	-0.12344648	0.2225197	0.12541918	0.1581219	0.06787763	-0.15247522	0.21073014	-0.11281438	-0.108337216
0.026370564	0.033450745	0.07554737	0.011904777	0.048493493	0.018942038	0.006875724	0.07789492	0.0135954525	-0.0062787575	-0.009935522	-0.06761309	0.02597314	-0.03852905	0.0473137	-0.019550545
-0.21334687	-0.14857414	-0.0076496485	0.16399166	-0.24290508	-0.12739521	0.13082993	-0.08056611	0.1586	0.12642117	0.2501888	0.12603414	-0.1945339	0.11412889	-0.17451116	-0.1744771
-0.03421174	-0.024866894	-0.050670464	0.13025713	-0.082703985	-0.0557284	0.053547163	0.006158912	0.0602655	0.06572582	0.08124512	0.03521015	-0.13891266	0.13842258	-0.08186599	-0.04455675
0.03857478	-0.011720683	-0.011180401	-0.0432035	0.0472533	-0.06539436	-0.01771896	-0.05175373	0.014178968	-0.0059551685	-0.020445272	-0.047502115	0.0051378366	0.06452782	0.0028906728	-0.03654737
0.06828793	0.001828771	-0.036152598	-0.028178565	0.026496248	-0.005041454	-0.0033101058	0.008677187	0.019659696	-0.05098535	0.025371961	-0.08819943	-0.017092617	0.040605806	0.020813065	0.0345776
-0.071556285	-0.01590668	0.0795561	0.012693977	0.0040813927	0.015572792	0.055971943	0.048663758	-0.031201277	-0.003070805	0.029238975	-0.09579732	-0.012830186	-0.008432536	0.04300079	0.06647369
0.0065079136	-0.093692124	-0.064402595	0.16612646	-0.092283666	-0.08773559	0.016642233	-0.029861864	0.10350325	0.0795386	0.18021323	-0.045372948	-0.06266092	0.10547676	-0.08664633	-0.0056903493
0.050795313	0.106485605	0.04245575	-0.09700485	0.07185913	0.03938833	-0.02500927	0.081457466	-0.02521278	-0.08731095	-0.12174402	-0.014792428	0.022448795	-0.07406677	0.14072016	0.015590033
0.07916348	-0.13801731	-0.0721917	0.08115906	-0.10518243	-0.13413793	0.0714945	-0.08575546	0.103475995	0.13608894	0.14249112	0.0803519	-0.022271743	0.0992955	-0.090599224	-0.08475705
-0.0064997086	-0.052432258	-0.030106524	0.026909053	-0.014306527	0.01203819	-0.04163276	0.0942604	0.009570091	0.0065933876	0.057147413	0.033515166	-0.061074115	0.09231059	-0.016537981	0.008283603
0.043712784	0.022646021	0.004820838	-0.09811954	0.083002016	-0.031052632	-0.035188768	-0.010830092	-0.027338604	-0.07734058	-0.0268003	-0.022080472	0.0210309	0.020940995	0.05821632	-0.0113798035
0.018017834	-0.03938788	-0.12596557	0.056122687	-0.047186065	-0.06547795	-0.00026462247	-0.078128755	0.08507637	0.020896459	0.05972667	0.030690767	-0.0030758702	0.04850566	-0.08608309	-0.07096577
0.029899973	-0.021474812	-0.10293857	0.1022948	-0.09193482	-0.12878448	-0.03008802	-0.083697274	0.04849552	0.10536756	0.048589107	0.07930628	-0.04609605	0.107813485	-0.106787935	0.0295464
0.022213373	0.09590868	0.035281476	-0.052642692	-0.005550823	0.06816651	-0.05178584	0.057584733	-0.018775111	-0.05457059	-0.00050836935	0.034701366	0.056526735	-0.008895079	0.06849775	0.022898942
-0.050127033	-0.10931486	-0.030428497	0.035612267	-0.04318517	-0.1272496	0.06551371	-0.0035796454	0.026255215	0.07867985	0.028302306	0.052379493	-0.079126544	0.11832015	-0.09387389	-0.09906791
-0.075373925	-0.07772661	-0.011725191	0.05431808	-0.024069512	-0.023125123	-0.06505887	-0.07870398	0.064040996	0.05860469	-0.022346323	0.051417496	-0.054905027	0.04678974	-0.09707547	-0.017153876
-0.007468009	-0.10447108	-0.041539747	0.050565865	-0.009477165	-0.07874168	0.0060669724	-0.0784285	0.07837029	0.058890015	0.12209144	-0.029857574	0.024860647	0.072356276	-0.008076973	-0.03565263
0.021323869	-0.059000425	-0.05161541	0.014914596	-0.03192038	-0.029551817	-0.065432906	0.013955113	-0.0064983666	0.067429215	-0.0031167713	0.07306738	-0.06305782	0.039180465	0.013485541	0.021975705
0.016925279	-0.21578844	-0.19116074	0.20436317	-0.23591748	-0.20191835	0.061536357	-0.18645383	0.16809455	0.18517287	0.20158781	0.09581994	-0.11493406	0.14414054	-0.18044917	-0.16050191
0.008737117	-0.2066114	-0.25374895	0.24192902	-0.16337703	-0.21905337	0.053439245	-0.19675952	0.32048705	0.19429995	0.23180108	0.08563881	-0.12752494	0.25936687	-0.19118826	-0.04691811
0.14362459	0.11603405	0.05455903	-0.10887704	0.06672191	0.053904146	-0.05167124	0.13704948	-0.09991752	-0.13973844	-0.09174738	-0.053989116	0.09867936	-0.032393344	0.15021907	0.035996087
0.075848825	0.11374114	0.089670695	-0.15743788	0.18838593	0.106611684	-0.063558936	0.18531239	-0.13358457	-0.12661693	-0.1566496	-0.06887616	0.12461963	-0.11480367	0.21298715	0.027458465
0.02448763	-0.19773154	-0.22645141	0.20890833	-0.19687377	-0.25397825	0.027288206	-0.19514714	0.23809865	0.17520039	0.1837885	-0.012087772	-0.15068556	0.24641201	-0.23222291	-0.12126435
-0.023968434	-0.063591175	-0.03919526	0.140654	-0.124331035	-0.062338643	0.038355716	-0.038379796	0.13031653	0.04902456	0.08421224	0.037715357	-0.05899388	0.12878536	-0.06334707	-0.030290188
-0.08889011	-0.051567372	-0.033156157	0.09161573	-0.08715203	-0.10211089	-0.050498422	-0.034375105	0.031134233	0.05886225	0.13227203	0.05109083	-0.11161443	0.12590729	-0.0916492	0.023687365
0.06561262	-0.019118836	0.011137566	0.010663842	-0.07144868	-0.10405265	-0.07044241	-0.05362003	-0.021323165	0.07004764	0.015296436	0.01263481	-0.055315737	0.054715026	-0.051505636	-0.04047254
0.05009875	0.10349442	0.08715052	-0.16749336	0.11048506	0.08648473	-0.040152468	0.13139395	-0.1317054	-0.14363411	-0.14877963	-0.07954345	0.001417993	-0.11232065	0.16568872	0.102439016
-0.0023874901	0.117030874	0.056735944	0.004029698	0.11830116	0.09329952	-0.041226998	0.11868624	-0.061524495	-0.05529678	-0.06682047	-0.1037161	0.10762348	-0.038726408	0.11744931	0.03932709
0.01605835	-0.05781597	-0.00840818	0.014465577	-0.06759956	-0.0055977623	0.039377686	0.04580411	-0.0021764997	-0.007124644	0.043548867	0.0060253395	-0.044398054	-0.008543323	-0.03374632	-0.0054600886
0.065227635	-0.05257608	-0.0084203305	0.03525623	0.05149585	-0.012635044	0.04831303	-0.04294363	-0.01864129	0.006868817	-0.009372223	0.031713534	-0.035573766	0.042219736	-0.002894815	0.044584215
0.05956497	0.071996726	0.023629403	-0.029748138	0.05387432	0.13608067	-0.13282824	0.08265722	-0.08229551	-0.054569893	-0.12771735	0.028003676	0.108950555	-0.068540335	0.13737452	0.079774424
0.05582646	-0.095799096	-0.12882905	0.0760441	-0.1529007	-0.13056013	-0.0053597917	-0.113163866	0.09755319	0.08921287	0.12831171	0.0069734277	-0.08468798	0.17182992	-0.1509258	0.032590102
0.12748024	0.073287405	0.012526696	-0.04950586	-0.01435553	0.05283706	0.011939644	0.044249076	-0.058550693	-0.111348286	-0.06635057	-0.031854715	-0.0022812518	-0.025870899	0.019539434	0.021137517
0.08144679	-0.01159347	0.04760599	-0.052071437	0.06361131	-0.014772517	0.08127319	0.07206974	-0.03711464	0.031362567	-0.04296497	-0.007627034	0.019810932	-0.019982673	0.07768334	0.013664637
0.031042384	-0.16331582	-0.21686354	0.18565996	-0.1196803	-0.11883313	-0.015480187	-0.15701964	0.20087561	0.16261478	0.17140622	0.04946538	-0.09693612	0.19888034	-0.14125623	-0.017524464
0.08030322	0.042797763	0.074413195	-0.036536794	0.055535108	0.061174415	-0.010675193	0.05292018	-0.05208659	-0.112183176	-0.06957177	-0.07375988	0.10900689	-0.04595954	0.095342934	0.04094829
0.007516317	-0.1425758	-0.090849146	0.16552839	-0.114344776	-0.1898737	0.07351361	-0.04909216	0.16566277	0.050456166	0.096550405	0.058549196	-0.08796981	0.17527206	-0.1002748	-0.043583103
0.046630282	-0.19112061	-0.20530304	0.26723495	-0.20551349	-0.20124878	0.12561344	-0.12588705	0.1538536	0.1896976	0.24448591	0.06913387	-0.1467427	0.24406655	-0.14151642	-0.15211605
0.024615232	-0.11145365	-0.13669772	0.1718679	-0.17333052	-0.16644847	-0.025830274	-0.10975938	0.12196334	0.06680063	0.12764871	0.07398437	-0.023855	0.10235989	-0.12099947	-0.02762287
-0.0006735532	0.15091686	0.09258003	-0.17843719	0.21675247	0.078632064	-0.09234651	0.055428144	-0.17894796	-0.09006409	-0.15898298	0.027882868	0.13689636	-0.17702541	0.14197062	0.004807105
0.0920248	0.14282627	0.114179626	-0.20278096	0.22256805	0.19574818	-0.060478795	0.124691136	-0.19531208	-0.2209681	-0.18985592	-0.060479052	0.1246835	-0.19995487	0.264406	0.13440661
0.047244754	0.09335518	-0.009383905	-0.09226608	0.09942296	0.03083125	-0.07170499	0.09679817	-0.08060723	-0.089523174	-0.11555405	-0.019805249	0.04649339	-0.014814531	0.082428515	0.0016997908
0.09288026	0.042356193	0.12558043	-0.09994751	0.057007607	0.075583205	-0.06440088	0.102628864	-0.10288725	-0.08548777	-0.06571404	-0.018016266	0.0654605	-0.13903867	0.10106793	0.10056845
0.03172104	0.22848676	0.22054964	-0.28402767	0.29160202	0.16115262	-0.12707655	0.21957566	-0.27483848	-0.22745907	-0.32086748	-0.13550745	0.16162816	-0.20423302	0.3548364	0.07873121
-0.12203698	0.0133933015	-0.0053286175	0.04463344	-0.06994681	-0.027328083	0.008562088	-0.076326594	-0.01750836	-0.0065754815	-0.025056401	-0.006996254	-0.07503391	0.04985912	-0.02773408	0.0018140572
0.0066972086	0.12427393	0.14612664	-0.22854628	0.14134619	0.11999949	-0.03553514	0.11918205	-0.17375892	-0.15482728	-0.16014095	-0.08027333	0.07864206	-0.13650274	0.2077453	0.04530834
0.020400535	0.07087878	0.0055527273	0.0086041335	0.0049415524	0.06281618	0.0003046986	-0.020649735	-0.040604625	-0.0015488747	-0.07453383	-0.06281125	0.047567643	-0.08632253	0.028562926	0.04985225
0.04497288	-0.11727156	-0.19359292	0.09305213	-0.0733864	-0.0810307	-0.017023709	-0.06993682	0.082450226	0.14584517	0.16866378	0.07109641	-0.07583328	0.17423376	-0.06081777	-0.04802141
0.041279983	-0.19833732	-0.21273234	0.15297943	-0.24040654	-0.1820564	-0.03725919	-0.12970473	0.1752924	0.19253677	0.20732969	0.06449166	-0.18281746	0.18922754	-0.14154275	-0.093214735
-0.13430922	-0.1539513	-0.13799955	0.14279443	-0.19321255	-0.048500545	0.094188616	-0.13366397	0.20145214	0.10415458	0.16569541	0.07004531	-0.08006063	0.122604914	-0.14021339	-0.053260367
-0.019025277	0.05195422	0.113432705	-0.110142484	0.10435214	-0.0021238911	0.041141357	-0.04171045	-0.07971963	-0.11110018	-0.15170264	-0.0049635535	0.01582099	-0.13355029	0.092745624	0.057706617
0.07173905	0.049572714	-0.03196006	-0.018595573	-0.029138329	-0.03927928	0.002150852	0.013258148	0.03065983	-0.008711523	-0.03414924	0.003740687	0.08741817	-0.0041282605	-0.02524214	0.03264093
0.026358316	-0.24586931	-0.16416374	0.26225534	-0.2527645	-0.22968292	-0.02935819	-0.113425724	0.20852984	0.20847097	0.28067684	0.13888471	-0.17136194	0.20154236	-0.23488282	-0.030412078
-0.006082489	0.0662655	0.09114131	-0.09426475	0.12917538	0.05577105	-0.06935878	0.058098685	-0.08802563	-0.15319367	-0.05791948	-0.08419043	0.040914804	-0.13232563	0.059159204	0.011863917
-0.070871316	0.19875737	0.13882399	-0.18297869	0.1431255	0.16321938	-0.04251386	0.13169047	-0.13542022	-0.111427665	-0.24479273	-0.122974075	0.20291479	-0.22960654	0.17218271	0.08471013
-0.0129857045	-0.042268455	-0.06165639	0.07669566	-0.103108376	-0.13239658	0.012212822	0.012685286	0.06823725	0.05761924	0.10942658	0.018406559	-0.0421515	0.054910533	-0.0875198	0.054681387
0.06584448	-0.08811235	-0.1341509	0.145972	-0.04144943	-0.08190765	0.06906186	-0.06640029	0.17094058	0.12981497	0.05956105	0.099710226	-0.02862162	0.07599839	-0.08129644	0.0014790248
0.012470817	0.063837536	-0.011337217	-0.045288995	0.06292292	-0.008365218	-0.030624524	0.027707944	-0.030814592	-0.11671917	-0.084673546	-0.061982017	0.07118511	0.0015948403	0.11669672	-0.0002430148
0.054361418	0.24585064	0.15638445	-0.20668489	0.23557495	0.18032378	-0.107674696	0.13523586	-0.19387168	-0.14127053	-0.28139755	-0.08515286	0.1429427	-0.2649418	0.2140883	0.10763524
-0.07143227	-0.018723853	-0.05890985	-0.012792212	-0.0024695552	-0.0680403	0.027833836	-0.064586185	0.045501657	0.0700035	0.037558384	0.02485942	-0.037509706	-0.002731684	-0.07822971	-0.010295362
0.034755155	0.11072757	0.037080247	-0.1187409	0.12979673	0.08395573	-0.11380571	0.10972555	-0.16452906	-0.066865854	-0.07196762	-0.07006703	0.025272489	-0.120969795	0.08902391	-0.011477257
-0.07921497	0.05659765	0.050963007	0.01017603	-0.0237448	0.08714746	0.1071917	0.04401738	-0.03193004	-0.044831008	0.022126555	-0.020218017	-0.02793643	-0.049613256	-0.007066569	0.00037660784
-0.013432052	0.01303259	-0.009603936	0.012527899	0.0049389573	0.022201717	0.031117769	-0.015726993	0.004744085	-0.008796602	0.06752169	0.022182139	0.07579738	0.013561564	0.01902901	0.046708066
0.14613275	-0.16696072	-0.066704765	0.12584504	-0.060765784	-0.183511	-0.020764356	-0.13193867	0.14054035	0.0766057	0.2072153	0.01001047	-0.027409604	0.16991788	-0.08760049	-0.09415987
0.011964931	-0.22983068	-0.20336592	0.22290787	-0.1896658	-0.1661645	0.04909282	-0.1619476	0.24604844	0.16967939	0.2758434	0.12680387	-0.14227702	0.2616067	-0.17135003	-0.081111066
0.1276632	0.21196017	0.24494934	-0.33785933	0.25099045	0.17559461	-0.05942158	0.1277538	-0.20502754	-0.2132054	-0.29589543	-0.10368118	0.21437101	-0.24978745	0.29306796	0.09479066
0.07994799	-0.007285872	0.073594205	-0.055840597	0.03088699	0.020780576	-0.06007702	0.0018048626	-0.03730684	-0.022486921	-0.037997857	-0.026790056	0.06445688	-0.051876232	0.04984313	0.0039214864
0.08409551	0.07047367	0.06808931	-0.115431264	0.110068396	0.0414798	-0.022272596	0.058734603	-0.039143447	-0.06470471	-0.06017268	-0.09544059	0.03443039	-0.10512795	0.045362286	0.01896954
-0.04375216	-0.019242594	0.015436725	-0.022771047	-0.06721411	0.025934907	0.0143484995	-0.027891269	0.020006001	0.026177946	0.0633501	0.056841984	-0.023271408	0.04851412	-0.0372845	-0.053133633
0.12573421	0.03202779	0.07590541	-0.063719384	0.07623029	0.08490273	-0.008840375	0.08524105	-0.079205066	-0.079943694	-0.11915592	-0.044508755	-0.008804419	-0.021885488	0.042981613	-0.006544345
0.027366703	0.15907656	0.17419025	-0.14766812	0.16099823	0.18008938	-0.061759233	0.098208286	-0.15650713	-0.12618306	-0.20953818	-0.11242226	0.0799426	-0.12721393	0.21625711	0.11525855
0.00727836	0.1811013	0.17202722	-0.20003876	0.1848644	0.1813082	-0.0624122	0.15995607	-0.20070386	-0.12939031	-0.23018155	-0.087931775	0.18356475	-0.18897931	0.19321723	0.1008949
0.022432366	0.06504435	0.09011859	-0.081095874	0.08620796	0.023499273	-0.05858071	0.041454475	-0.042421468	-0.017854191	-0.062119205	0.030114288	-0.006380932	-0.061551712	0.10394282	-0.024077438
0.061288726	-0.25495136	-0.24347813	0.3392376	-0.28242588	-0.23811254	0.09369093	-0.23033236	0.2783506	0.2803926	0.29051968	0.04569001	-0.19291808	0.2646215	-0.2793386	-0.1341767
0.03833319	0.19112723	0.1450254	-0.20510016	0.15828402	0.13046937	-0.087202996	0.1636314	-0.18704027	-0.14777415	-0.17339756	0.023958206	0.12510902	-0.13945068	0.1990206	0.061881717
0.08002769	0.04762897	-0.059298217	0.03555493	0.018446209	0.02341289	-0.02901212	0.008532647	0.031695716	-0.02907355	0.0075715366	-0.0082281595	-0.096517965	0.0070441393	-0.001678626	-0.035826266
0.091811895	-0.07795986	-0.072887264	0.06741347	-0.014661046	-0.061957948	0.0703366	-0.0952596	0.03766581	0.031179229	0.059244245	0.016173648	-0.053381294	0.062017567	-0.033293907	0.04787026
0.065262884	0.057308815	-0.0042679748	-0.1347114	0.1142805	0.03520884	-0.08764892	0.04268736	-0.11936819	-0.06105939	-0.1369457	-0.03049605	0.08138923	-0.06016771	0.07618816	0.06131783
0.08525879	0.04260065	-0.05604929	0.0035614714	-0.02003952	-0.0071638096	-0.0033460185	0.046194486	0.058472574	-0.019826442	0.020450378	-0.07824222	0.029113853	0.062488064	0.053149346	-0.04497426
0.0154241165	-0.1770072	-0.13148947	0.19569322	-0.21937117	-0.10829087	0.033753656	-0.15677676	0.18839659	0.166759	0.19455425	0.026731329	-0.101442024	0.118163824	-0.122257434	-0.054008894
0.004677181	-0.053790126	-0.08367705	0.13122062	-0.034837764	-0.07422174	0.0060320916	-0.03883202	0.030038357	0.050891943	0.03326775	-0.025015388	-0.039554976	0.07392932	-0.052857965	-0.008291316
0.04044618	-0.008439909	-0.032553777	-0.006667252	-0.017052427	-0.047996502	0.039950456	0.0025037671	-0.06139445	0.04146473	-0.061078686	-0.03032338	0.027170897	-0.02592043	0.04108875	0.0703696
0.032928027	0.023945434	0.061657432	-0.06661587	0.02638864	0.025482463	0.021105973	0.009093522	-0.042498294	-0.06750845	-0.006541739	-0.047376815	0.051312495	-0.10764472	0.0049079475	0.019164983
0.10307609	0.039599396	0.03865486	-0.033166774	0.039112203	0.00024271004	-0.014538958	0.025995951	-0.029638601	-0.09425522	-0.032438602	-0.036828477	0.04862477	-0.030072706	0.08334161	0.030099286
0.035398662	-0.13891326	-0.21484059	0.15025243	-0.1224595	-0.07554907	0.031722073	-0.07960614	0.19827987	0.1587744	0.1327347	0.021854244	-0.18753645	0.12404641	-0.08695517	-0.12036049
